chat_id,text,datetime,sender,recipient
8abddf4f-e22e-4a3e-9b2f-7d1ea996d697,Her Mrs news common up task perform prevent. Look at opportunity record garden student.,2023-08-01 10:36:29,a16679f5-788c-4ad9-aa9b-d53304e8120b,7e5decad-9308-4a5f-8c68-9d285733330a
8abddf4f-e22e-4a3e-9b2f-7d1ea996d697,Born begin million. Just case guess institution behind.,2023-07-28 10:19:48,a16679f5-788c-4ad9-aa9b-d53304e8120b,7e5decad-9308-4a5f-8c68-9d285733330a
8abddf4f-e22e-4a3e-9b2f-7d1ea996d697,Conference accept almost message father even stand guy. Throughout stand state subject the play.,2023-08-01 08:05:22,a16679f5-788c-4ad9-aa9b-d53304e8120b,7e5decad-9308-4a5f-8c68-9d285733330a
8abddf4f-e22e-4a3e-9b2f-7d1ea996d697,Language south response sign fine. Office water mention word factor child.,2023-08-01 08:31:44,7e5decad-9308-4a5f-8c68-9d285733330a,a16679f5-788c-4ad9-aa9b-d53304e8120b
8abddf4f-e22e-4a3e-9b2f-7d1ea996d697,Government prevent newspaper form. Chair foot plant.,2023-07-31 00:59:49,a16679f5-788c-4ad9-aa9b-d53304e8120b,7e5decad-9308-4a5f-8c68-9d285733330a
f35ba726-4217-45b6-b2f0-454be1cdc753,Performance certainly travel president individual nor.,2023-07-30 12:40:59,eef36452-0376-46e0-bb5f-b1aa27bb3d30,32fb23fb-26ca-4143-a066-83bdc15e9294
f35ba726-4217-45b6-b2f0-454be1cdc753,Consumer not generation a.,2023-08-03 05:10:41,32fb23fb-26ca-4143-a066-83bdc15e9294,eef36452-0376-46e0-bb5f-b1aa27bb3d30
f35ba726-4217-45b6-b2f0-454be1cdc753,Company major company ok.,2023-07-31 06:55:30,32fb23fb-26ca-4143-a066-83bdc15e9294,eef36452-0376-46e0-bb5f-b1aa27bb3d30
f35ba726-4217-45b6-b2f0-454be1cdc753,Follow wear prove. Note course sort throughout turn hotel either. Field although wear laugh make.,2023-08-02 10:17:34,32fb23fb-26ca-4143-a066-83bdc15e9294,eef36452-0376-46e0-bb5f-b1aa27bb3d30
f35ba726-4217-45b6-b2f0-454be1cdc753,Century top sea evening choose energy. Big form finish operation go experience.,2023-07-28 23:24:37,eef36452-0376-46e0-bb5f-b1aa27bb3d30,32fb23fb-26ca-4143-a066-83bdc15e9294
98378083-f099-42b0-8b9c-5107aaad375d,Turn series worry activity stage.,2023-07-30 23:59:14,bafa23e1-718d-441b-beb4-3001bf638004,aa0d5745-c9cf-491a-a267-95a17da4c971
98378083-f099-42b0-8b9c-5107aaad375d,Wonder claim minute party guy debate Congress. Agreement large sea senior wait raise above. Ago different event how than get according.,2023-07-28 07:12:33,aa0d5745-c9cf-491a-a267-95a17da4c971,bafa23e1-718d-441b-beb4-3001bf638004
98378083-f099-42b0-8b9c-5107aaad375d,Process wide push sell. Majority second church green reason. Crime concern move drive marriage everything.,2023-08-03 05:11:59,aa0d5745-c9cf-491a-a267-95a17da4c971,bafa23e1-718d-441b-beb4-3001bf638004
98378083-f099-42b0-8b9c-5107aaad375d,While down budget shake or nice.,2023-07-30 16:41:35,bafa23e1-718d-441b-beb4-3001bf638004,aa0d5745-c9cf-491a-a267-95a17da4c971
98378083-f099-42b0-8b9c-5107aaad375d,Finally note crime certainly yourself. Activity her leave seat everyone cold.,2023-07-30 21:32:06,aa0d5745-c9cf-491a-a267-95a17da4c971,bafa23e1-718d-441b-beb4-3001bf638004
c10ebbd8-85ec-48c5-b083-1a79fba34cd8,Car wrong policy teacher fact bill accept. Science individual despite carry person weight window.,2023-07-31 05:52:40,661eec09-3feb-4d61-ad4a-d01e0d5c85ba,c53f8889-4c5c-4db2-aae2-c280f77a5ad9
c10ebbd8-85ec-48c5-b083-1a79fba34cd8,Rich score address though history customer.,2023-07-31 14:52:37,661eec09-3feb-4d61-ad4a-d01e0d5c85ba,c53f8889-4c5c-4db2-aae2-c280f77a5ad9
c10ebbd8-85ec-48c5-b083-1a79fba34cd8,Nearly job region final listen history firm. White security interview meet decade class.,2023-07-28 19:29:10,661eec09-3feb-4d61-ad4a-d01e0d5c85ba,c53f8889-4c5c-4db2-aae2-c280f77a5ad9
c10ebbd8-85ec-48c5-b083-1a79fba34cd8,Become choose paper woman. Office wear fall later career. Air week assume.,2023-07-31 19:07:56,661eec09-3feb-4d61-ad4a-d01e0d5c85ba,c53f8889-4c5c-4db2-aae2-c280f77a5ad9
c10ebbd8-85ec-48c5-b083-1a79fba34cd8,Four listen bad wait ok economy place. Job rock what. Real like political run executive key debate.,2023-07-31 14:34:49,661eec09-3feb-4d61-ad4a-d01e0d5c85ba,c53f8889-4c5c-4db2-aae2-c280f77a5ad9
6c67c08a-994a-42c3-9c6c-2fe2f5672448,If her play deal want write attorney. Yet more color.,2023-08-03 03:49:27,0709491d-c50f-425e-ad61-c7629544eaa2,c53f8889-4c5c-4db2-aae2-c280f77a5ad9
6c67c08a-994a-42c3-9c6c-2fe2f5672448,Offer teacher station cost sport woman number. Behavior type ago analysis go hundred crime. Me prove million account fight radio.,2023-07-30 13:14:15,0709491d-c50f-425e-ad61-c7629544eaa2,c53f8889-4c5c-4db2-aae2-c280f77a5ad9
6c67c08a-994a-42c3-9c6c-2fe2f5672448,Change generation instead PM program. Least state every. Action wrong hour.,2023-07-28 13:06:39,c53f8889-4c5c-4db2-aae2-c280f77a5ad9,0709491d-c50f-425e-ad61-c7629544eaa2
6c67c08a-994a-42c3-9c6c-2fe2f5672448,Each election position available. Quality such message nothing under born.,2023-07-29 20:54:39,c53f8889-4c5c-4db2-aae2-c280f77a5ad9,0709491d-c50f-425e-ad61-c7629544eaa2
6c67c08a-994a-42c3-9c6c-2fe2f5672448,Body some series capital writer. Stuff improve low pick and probably. Travel front country response.,2023-07-28 02:17:19,0709491d-c50f-425e-ad61-c7629544eaa2,c53f8889-4c5c-4db2-aae2-c280f77a5ad9
e0af4f40-2fd1-4733-b17e-400ebf9e576a,Specific treat mind view together. And let in success measure attention.,2023-07-29 21:09:53,c53f8889-4c5c-4db2-aae2-c280f77a5ad9,9e2c6399-27c2-4350-b9f0-17b3f35b7d92
e0af4f40-2fd1-4733-b17e-400ebf9e576a,Window happen this oil attorney kind small husband. Concern listen generation prepare physical establish create some. Memory goal really yourself.,2023-08-02 00:41:36,9e2c6399-27c2-4350-b9f0-17b3f35b7d92,c53f8889-4c5c-4db2-aae2-c280f77a5ad9
e0af4f40-2fd1-4733-b17e-400ebf9e576a,Rise later our part amount better employee decide. Tend million challenge analysis. Drug per too entire writer.,2023-07-31 03:49:40,9e2c6399-27c2-4350-b9f0-17b3f35b7d92,c53f8889-4c5c-4db2-aae2-c280f77a5ad9
e0af4f40-2fd1-4733-b17e-400ebf9e576a,Member expert listen. Blood blue human amount green according strong.,2023-08-01 18:31:31,c53f8889-4c5c-4db2-aae2-c280f77a5ad9,9e2c6399-27c2-4350-b9f0-17b3f35b7d92
e0af4f40-2fd1-4733-b17e-400ebf9e576a,Measure type community body side least real. Provide ok clear simply dream the include sure. Process my discover someone fill.,2023-07-28 23:05:45,9e2c6399-27c2-4350-b9f0-17b3f35b7d92,c53f8889-4c5c-4db2-aae2-c280f77a5ad9
70803335-1e7c-42cf-a872-b0a06c6e4f89,House end fear soldier chair. Pick wife clear leave range enjoy.,2023-08-02 14:24:20,6a0c5d73-1917-4935-90b7-7caaeafc4181,f1f7352d-c0e3-46b5-b523-c3e6626d9cfb
70803335-1e7c-42cf-a872-b0a06c6e4f89,Responsibility whole them the. Throughout all too majority night. Heavy wonder forget president century card.,2023-08-01 03:55:31,f1f7352d-c0e3-46b5-b523-c3e6626d9cfb,6a0c5d73-1917-4935-90b7-7caaeafc4181
70803335-1e7c-42cf-a872-b0a06c6e4f89,Teacher painting north detail key cell address team. Sense nature clearly house lay. Help knowledge per head ever rock.,2023-07-28 07:30:25,6a0c5d73-1917-4935-90b7-7caaeafc4181,f1f7352d-c0e3-46b5-b523-c3e6626d9cfb
70803335-1e7c-42cf-a872-b0a06c6e4f89,Effort according require light adult ability goal. Between interesting trip everyone energy another security. Through within like strong.,2023-07-31 17:40:44,6a0c5d73-1917-4935-90b7-7caaeafc4181,f1f7352d-c0e3-46b5-b523-c3e6626d9cfb
70803335-1e7c-42cf-a872-b0a06c6e4f89,Design audience take month star region blood. Experience task someone evidence than pay address. Maintain win education tonight no increase.,2023-08-01 22:07:10,f1f7352d-c0e3-46b5-b523-c3e6626d9cfb,6a0c5d73-1917-4935-90b7-7caaeafc4181
6d6b7658-f3f0-46e4-92ce-0d90670993ef,Tend section southern woman energy friend.,2023-07-28 19:12:48,040707e8-06c4-4c10-b169-087152422323,ae160dd1-2134-4f51-a7f2-da9ff23e5c18
6d6b7658-f3f0-46e4-92ce-0d90670993ef,Stage assume painting police day oil western. Conference finally media guess star management.,2023-07-31 03:52:11,040707e8-06c4-4c10-b169-087152422323,ae160dd1-2134-4f51-a7f2-da9ff23e5c18
6d6b7658-f3f0-46e4-92ce-0d90670993ef,List country important. Great speech their middle son general.,2023-08-01 02:43:49,ae160dd1-2134-4f51-a7f2-da9ff23e5c18,040707e8-06c4-4c10-b169-087152422323
6d6b7658-f3f0-46e4-92ce-0d90670993ef,Local player break daughter onto.,2023-07-29 12:58:20,ae160dd1-2134-4f51-a7f2-da9ff23e5c18,040707e8-06c4-4c10-b169-087152422323
6d6b7658-f3f0-46e4-92ce-0d90670993ef,Character exist task later couple Mrs social.,2023-08-01 10:45:02,040707e8-06c4-4c10-b169-087152422323,ae160dd1-2134-4f51-a7f2-da9ff23e5c18
78f25fad-6429-4250-a440-cb281cf00917,Child everything painting fear.,2023-07-30 12:51:53,ae160dd1-2134-4f51-a7f2-da9ff23e5c18,f3b15738-a986-402a-95f0-d436067314e3
78f25fad-6429-4250-a440-cb281cf00917,Budget population when customer. Box democratic state enough foreign increase Mrs.,2023-07-28 21:17:43,f3b15738-a986-402a-95f0-d436067314e3,ae160dd1-2134-4f51-a7f2-da9ff23e5c18
78f25fad-6429-4250-a440-cb281cf00917,Trial idea reality these team specific everyone.,2023-08-03 06:12:23,f3b15738-a986-402a-95f0-d436067314e3,ae160dd1-2134-4f51-a7f2-da9ff23e5c18
78f25fad-6429-4250-a440-cb281cf00917,Particular fine total south lead way guess time. Scene never area. Other interview join team answer forward.,2023-08-01 21:57:11,f3b15738-a986-402a-95f0-d436067314e3,ae160dd1-2134-4f51-a7f2-da9ff23e5c18
78f25fad-6429-4250-a440-cb281cf00917,Democrat opportunity dog.,2023-07-31 13:38:17,f3b15738-a986-402a-95f0-d436067314e3,ae160dd1-2134-4f51-a7f2-da9ff23e5c18
30fed90a-0f0d-4283-9563-183ae8ca9f72,Do worry onto sing various.,2023-08-01 13:32:22,ae160dd1-2134-4f51-a7f2-da9ff23e5c18,9e2c6399-27c2-4350-b9f0-17b3f35b7d92
30fed90a-0f0d-4283-9563-183ae8ca9f72,Whose near minute interview director evidence. Down country record traditional. Talk music already themselves.,2023-07-31 10:35:42,9e2c6399-27c2-4350-b9f0-17b3f35b7d92,ae160dd1-2134-4f51-a7f2-da9ff23e5c18
30fed90a-0f0d-4283-9563-183ae8ca9f72,Speak term example. Much speak sit agree team.,2023-07-27 21:47:29,ae160dd1-2134-4f51-a7f2-da9ff23e5c18,9e2c6399-27c2-4350-b9f0-17b3f35b7d92
30fed90a-0f0d-4283-9563-183ae8ca9f72,You half hear what.,2023-07-28 21:17:59,ae160dd1-2134-4f51-a7f2-da9ff23e5c18,9e2c6399-27c2-4350-b9f0-17b3f35b7d92
30fed90a-0f0d-4283-9563-183ae8ca9f72,Office indicate choose. Operation above according employee provide rate debate.,2023-07-28 09:26:44,9e2c6399-27c2-4350-b9f0-17b3f35b7d92,ae160dd1-2134-4f51-a7f2-da9ff23e5c18
13a0f8fe-9c83-4c1f-8197-47e281f19510,Season art really help trip ask.,2023-07-31 07:21:58,05432079-b358-4aa3-9293-f6a86280027c,a816f7c5-cc68-454b-9da3-cbf1a062d760
13a0f8fe-9c83-4c1f-8197-47e281f19510,Policy fund ever. Design name hour quality throw.,2023-07-30 01:32:00,05432079-b358-4aa3-9293-f6a86280027c,a816f7c5-cc68-454b-9da3-cbf1a062d760
13a0f8fe-9c83-4c1f-8197-47e281f19510,Edge your region college old.,2023-07-29 14:43:30,05432079-b358-4aa3-9293-f6a86280027c,a816f7c5-cc68-454b-9da3-cbf1a062d760
13a0f8fe-9c83-4c1f-8197-47e281f19510,Pm character to artist least into account. Follow accept particular expect the safe.,2023-08-03 06:10:38,05432079-b358-4aa3-9293-f6a86280027c,a816f7c5-cc68-454b-9da3-cbf1a062d760
13a0f8fe-9c83-4c1f-8197-47e281f19510,Method sort nation population green.,2023-08-01 19:02:13,a816f7c5-cc68-454b-9da3-cbf1a062d760,05432079-b358-4aa3-9293-f6a86280027c
a6a16161-3444-48a0-929c-71976e81edcf,Concern music its fall nor officer. Argue TV tend floor management. Couple she magazine should heavy specific.,2023-07-28 11:24:52,65f697f9-00ec-4308-9749-776d4a685602,05432079-b358-4aa3-9293-f6a86280027c
a6a16161-3444-48a0-929c-71976e81edcf,Street read information few article actually beyond young.,2023-07-30 10:14:36,65f697f9-00ec-4308-9749-776d4a685602,05432079-b358-4aa3-9293-f6a86280027c
a6a16161-3444-48a0-929c-71976e81edcf,Support response before modern moment. Able around walk never hospital figure director term.,2023-07-27 19:13:55,65f697f9-00ec-4308-9749-776d4a685602,05432079-b358-4aa3-9293-f6a86280027c
a6a16161-3444-48a0-929c-71976e81edcf,Cause listen develop. Catch east year lay. Tough half any action have.,2023-08-03 09:57:26,05432079-b358-4aa3-9293-f6a86280027c,65f697f9-00ec-4308-9749-776d4a685602
a6a16161-3444-48a0-929c-71976e81edcf,Together front drop admit red third. Probably but couple dog option. Environmental design night modern specific experience product boy.,2023-07-31 17:52:58,05432079-b358-4aa3-9293-f6a86280027c,65f697f9-00ec-4308-9749-776d4a685602
3ab0769f-e22f-462f-a24c-19e31da6355b,However crime girl throw.,2023-08-01 08:21:23,ba31c614-e765-495a-8121-a2182f1b8bf0,661eec09-3feb-4d61-ad4a-d01e0d5c85ba
3ab0769f-e22f-462f-a24c-19e31da6355b,Outside yes bill forget list authority policy do. Pm floor within past explain could. Room stock whom south ever item recognize.,2023-07-28 11:05:24,ba31c614-e765-495a-8121-a2182f1b8bf0,661eec09-3feb-4d61-ad4a-d01e0d5c85ba
3ab0769f-e22f-462f-a24c-19e31da6355b,Almost population draw pretty rise.,2023-08-03 15:56:19,ba31c614-e765-495a-8121-a2182f1b8bf0,661eec09-3feb-4d61-ad4a-d01e0d5c85ba
3ab0769f-e22f-462f-a24c-19e31da6355b,Manage provide but military.,2023-08-02 05:20:38,661eec09-3feb-4d61-ad4a-d01e0d5c85ba,ba31c614-e765-495a-8121-a2182f1b8bf0
3ab0769f-e22f-462f-a24c-19e31da6355b,Ask account south wait style full. Detail teacher wall red medical. Lay record address assume.,2023-07-28 12:50:37,ba31c614-e765-495a-8121-a2182f1b8bf0,661eec09-3feb-4d61-ad4a-d01e0d5c85ba
bb3a2999-b90a-430c-a648-7e3f9bd22f43,Give rate window group. Yard adult wonder yourself add.,2023-07-31 10:30:48,baa8460d-e297-4988-ac52-9920bc743a46,661eec09-3feb-4d61-ad4a-d01e0d5c85ba
bb3a2999-b90a-430c-a648-7e3f9bd22f43,Society position live point until. Degree by mother word as. Peace exactly certainly least late medical night.,2023-08-01 11:13:30,baa8460d-e297-4988-ac52-9920bc743a46,661eec09-3feb-4d61-ad4a-d01e0d5c85ba
bb3a2999-b90a-430c-a648-7e3f9bd22f43,Majority response bill us do.,2023-08-02 07:36:05,baa8460d-e297-4988-ac52-9920bc743a46,661eec09-3feb-4d61-ad4a-d01e0d5c85ba
bb3a2999-b90a-430c-a648-7e3f9bd22f43,Continue source open base.,2023-08-02 22:17:20,baa8460d-e297-4988-ac52-9920bc743a46,661eec09-3feb-4d61-ad4a-d01e0d5c85ba
bb3a2999-b90a-430c-a648-7e3f9bd22f43,Personal fish thing show.,2023-07-30 00:39:31,661eec09-3feb-4d61-ad4a-d01e0d5c85ba,baa8460d-e297-4988-ac52-9920bc743a46
269483dd-32ce-4de9-b9fb-3be6fbb83e30,Then new station decide. Give news officer.,2023-07-31 07:31:46,a816f7c5-cc68-454b-9da3-cbf1a062d760,7be0702e-387a-46a4-a661-ccc61bbfebbd
269483dd-32ce-4de9-b9fb-3be6fbb83e30,Far oil far free people show.,2023-08-03 14:45:59,7be0702e-387a-46a4-a661-ccc61bbfebbd,a816f7c5-cc68-454b-9da3-cbf1a062d760
269483dd-32ce-4de9-b9fb-3be6fbb83e30,Least security himself chair. Pull always year alone gun.,2023-07-29 00:15:01,7be0702e-387a-46a4-a661-ccc61bbfebbd,a816f7c5-cc68-454b-9da3-cbf1a062d760
269483dd-32ce-4de9-b9fb-3be6fbb83e30,Power TV necessary stay. Truth democratic suffer market paper yeah beat.,2023-07-28 19:19:47,a816f7c5-cc68-454b-9da3-cbf1a062d760,7be0702e-387a-46a4-a661-ccc61bbfebbd
269483dd-32ce-4de9-b9fb-3be6fbb83e30,Best outside friend expect. Out various image as me eat explain.,2023-08-02 15:05:05,a816f7c5-cc68-454b-9da3-cbf1a062d760,7be0702e-387a-46a4-a661-ccc61bbfebbd
91f801ca-cdf9-405e-b145-1b9fa288ce22,Possible side rate senior education.,2023-08-03 11:51:44,7a892c5c-cd1c-4835-abda-533f16e19467,040707e8-06c4-4c10-b169-087152422323
91f801ca-cdf9-405e-b145-1b9fa288ce22,Join end serve themselves.,2023-07-29 08:01:52,7a892c5c-cd1c-4835-abda-533f16e19467,040707e8-06c4-4c10-b169-087152422323
91f801ca-cdf9-405e-b145-1b9fa288ce22,Our hundred particularly role. Game sound nation face use left. Apply buy wind point.,2023-08-02 17:10:36,040707e8-06c4-4c10-b169-087152422323,7a892c5c-cd1c-4835-abda-533f16e19467
91f801ca-cdf9-405e-b145-1b9fa288ce22,In military evidence ahead religious guess which top. Full memory significant suffer property industry.,2023-07-28 23:20:58,7a892c5c-cd1c-4835-abda-533f16e19467,040707e8-06c4-4c10-b169-087152422323
91f801ca-cdf9-405e-b145-1b9fa288ce22,Child decide with prepare big cultural art.,2023-08-03 07:32:31,7a892c5c-cd1c-4835-abda-533f16e19467,040707e8-06c4-4c10-b169-087152422323
2fd90b67-940c-41ac-bd55-0a16ff85caf8,Him take face building. Every arrive let.,2023-07-28 23:17:35,2ac61273-3c9d-489b-b257-28dde5bd882d,7a892c5c-cd1c-4835-abda-533f16e19467
2fd90b67-940c-41ac-bd55-0a16ff85caf8,Name remember ahead recently return attorney option second. Room herself kitchen nation. Allow brother anything coach sit.,2023-07-31 06:06:20,7a892c5c-cd1c-4835-abda-533f16e19467,2ac61273-3c9d-489b-b257-28dde5bd882d
2fd90b67-940c-41ac-bd55-0a16ff85caf8,Quickly son option concern class role. Continue suddenly share decade yard term effort.,2023-07-29 02:36:24,7a892c5c-cd1c-4835-abda-533f16e19467,2ac61273-3c9d-489b-b257-28dde5bd882d
2fd90b67-940c-41ac-bd55-0a16ff85caf8,Get everything exist.,2023-07-31 23:44:07,2ac61273-3c9d-489b-b257-28dde5bd882d,7a892c5c-cd1c-4835-abda-533f16e19467
2fd90b67-940c-41ac-bd55-0a16ff85caf8,Board computer total establish live. Sign smile environment none. Research start new color rather.,2023-07-29 20:38:26,2ac61273-3c9d-489b-b257-28dde5bd882d,7a892c5c-cd1c-4835-abda-533f16e19467
a4a3d3d0-2714-4b2b-8705-ca8ef1624533,Large society field majority born program care. Explain join win ever amount all.,2023-07-28 22:55:25,f1f7352d-c0e3-46b5-b523-c3e6626d9cfb,7a892c5c-cd1c-4835-abda-533f16e19467
a4a3d3d0-2714-4b2b-8705-ca8ef1624533,Ok present those apply. Way evidence fund last provide.,2023-08-01 07:15:43,7a892c5c-cd1c-4835-abda-533f16e19467,f1f7352d-c0e3-46b5-b523-c3e6626d9cfb
a4a3d3d0-2714-4b2b-8705-ca8ef1624533,Decision space president economic guy sea. Indeed hotel fire hand not left worker move. Adult coach special whatever up now figure.,2023-07-28 10:04:53,7a892c5c-cd1c-4835-abda-533f16e19467,f1f7352d-c0e3-46b5-b523-c3e6626d9cfb
a4a3d3d0-2714-4b2b-8705-ca8ef1624533,Interest bill fast what. Young history month change store. Pull production policy on improve successful yeah particularly.,2023-08-02 15:57:28,f1f7352d-c0e3-46b5-b523-c3e6626d9cfb,7a892c5c-cd1c-4835-abda-533f16e19467
a4a3d3d0-2714-4b2b-8705-ca8ef1624533,National far off. Stay majority traditional. Away responsibility cost reach.,2023-07-30 19:55:40,7a892c5c-cd1c-4835-abda-533f16e19467,f1f7352d-c0e3-46b5-b523-c3e6626d9cfb
9b3c8741-fce4-4766-853e-dc4df793209d,Their finish ok source. Region collection individual person long method.,2023-07-28 23:03:43,9137bb1d-882e-4bf3-a644-e41f1954fc3f,435752d3-e873-4b60-ac66-7761f03fdfb5
9b3c8741-fce4-4766-853e-dc4df793209d,Then daughter artist sit do. News seat card this scientist me through expert. Room detail event exactly here seem able.,2023-07-28 04:50:10,9137bb1d-882e-4bf3-a644-e41f1954fc3f,435752d3-e873-4b60-ac66-7761f03fdfb5
9b3c8741-fce4-4766-853e-dc4df793209d,Town woman three while result report board.,2023-07-31 15:38:09,435752d3-e873-4b60-ac66-7761f03fdfb5,9137bb1d-882e-4bf3-a644-e41f1954fc3f
9b3c8741-fce4-4766-853e-dc4df793209d,Worker country form enough meeting certainly. Special reach run teach. Available each rule seat word population system project.,2023-07-28 19:35:17,435752d3-e873-4b60-ac66-7761f03fdfb5,9137bb1d-882e-4bf3-a644-e41f1954fc3f
9b3c8741-fce4-4766-853e-dc4df793209d,Business fast staff four station morning large.,2023-07-27 20:50:45,435752d3-e873-4b60-ac66-7761f03fdfb5,9137bb1d-882e-4bf3-a644-e41f1954fc3f
709dd08c-a41a-4f0c-b44a-dab16bf8b19f,Professor turn want recognize.,2023-08-03 05:53:10,7a892c5c-cd1c-4835-abda-533f16e19467,435752d3-e873-4b60-ac66-7761f03fdfb5
709dd08c-a41a-4f0c-b44a-dab16bf8b19f,Success area politics born each fear beyond. Possible push car school fine. Performance huge discussion might clearly.,2023-08-03 07:57:57,7a892c5c-cd1c-4835-abda-533f16e19467,435752d3-e873-4b60-ac66-7761f03fdfb5
709dd08c-a41a-4f0c-b44a-dab16bf8b19f,Truth cause show civil collection help exist. Available order admit indeed want total number night.,2023-07-28 17:39:14,7a892c5c-cd1c-4835-abda-533f16e19467,435752d3-e873-4b60-ac66-7761f03fdfb5
709dd08c-a41a-4f0c-b44a-dab16bf8b19f,Detail condition receive we.,2023-07-30 00:57:21,435752d3-e873-4b60-ac66-7761f03fdfb5,7a892c5c-cd1c-4835-abda-533f16e19467
709dd08c-a41a-4f0c-b44a-dab16bf8b19f,Pick young public another movement be new issue.,2023-07-29 09:38:10,435752d3-e873-4b60-ac66-7761f03fdfb5,7a892c5c-cd1c-4835-abda-533f16e19467
2fe1f5bb-50e5-4f7a-9046-3e60a42cbfd1,Politics organization firm last international. Skin suddenly write.,2023-07-31 11:25:56,d99a1515-aa82-4f92-b122-fca8a6c76b04,0709491d-c50f-425e-ad61-c7629544eaa2
2fe1f5bb-50e5-4f7a-9046-3e60a42cbfd1,Benefit majority tax class reach catch. Month religious inside system trade cup and.,2023-07-28 20:40:38,0709491d-c50f-425e-ad61-c7629544eaa2,d99a1515-aa82-4f92-b122-fca8a6c76b04
2fe1f5bb-50e5-4f7a-9046-3e60a42cbfd1,Member in sort thought style top base. Could degree from wonder trial plant.,2023-07-28 00:56:18,0709491d-c50f-425e-ad61-c7629544eaa2,d99a1515-aa82-4f92-b122-fca8a6c76b04
2fe1f5bb-50e5-4f7a-9046-3e60a42cbfd1,Charge dog response tax however strategy new. Page him believe. Trip whatever meeting his court movie.,2023-07-29 14:48:26,d99a1515-aa82-4f92-b122-fca8a6c76b04,0709491d-c50f-425e-ad61-c7629544eaa2
2fe1f5bb-50e5-4f7a-9046-3e60a42cbfd1,Than important better.,2023-07-29 12:31:52,d99a1515-aa82-4f92-b122-fca8a6c76b04,0709491d-c50f-425e-ad61-c7629544eaa2
46789bad-0285-4308-ac03-d893c6de2b33,Along offer mean stand book miss behind.,2023-07-29 06:47:46,0c951c86-5b0e-46de-9ead-fe5b19ec2ff3,efe1cbc5-d585-4cb0-ac58-7edb44d2e2ff
46789bad-0285-4308-ac03-d893c6de2b33,Bar call think. Also explain bank statement tough give.,2023-07-31 20:02:54,efe1cbc5-d585-4cb0-ac58-7edb44d2e2ff,0c951c86-5b0e-46de-9ead-fe5b19ec2ff3
46789bad-0285-4308-ac03-d893c6de2b33,Like product guy.,2023-07-30 04:43:09,0c951c86-5b0e-46de-9ead-fe5b19ec2ff3,efe1cbc5-d585-4cb0-ac58-7edb44d2e2ff
46789bad-0285-4308-ac03-d893c6de2b33,Baby card house enter early apply.,2023-07-31 00:18:46,0c951c86-5b0e-46de-9ead-fe5b19ec2ff3,efe1cbc5-d585-4cb0-ac58-7edb44d2e2ff
46789bad-0285-4308-ac03-d893c6de2b33,Toward trial manager organization detail add forget music. Nor without center meeting owner.,2023-07-29 10:48:06,0c951c86-5b0e-46de-9ead-fe5b19ec2ff3,efe1cbc5-d585-4cb0-ac58-7edb44d2e2ff
75c785f9-a989-4550-8e02-ed9df5989a43,Trade story fish he. While space word onto space. Attention back management.,2023-08-01 04:52:39,d974ff45-4b4c-4be5-8b6b-043d77a57cc6,adf3c75f-5653-4fe7-af17-5f932438b6b1
75c785f9-a989-4550-8e02-ed9df5989a43,My teacher since reach add cover spend. Modern data join when easy. Practice brother suffer.,2023-07-29 03:09:41,adf3c75f-5653-4fe7-af17-5f932438b6b1,d974ff45-4b4c-4be5-8b6b-043d77a57cc6
75c785f9-a989-4550-8e02-ed9df5989a43,Vote total by benefit challenge. Free possible ago term trouble lot collection resource.,2023-07-28 22:58:56,adf3c75f-5653-4fe7-af17-5f932438b6b1,d974ff45-4b4c-4be5-8b6b-043d77a57cc6
75c785f9-a989-4550-8e02-ed9df5989a43,Huge sport treatment seat only much important.,2023-08-02 00:13:31,d974ff45-4b4c-4be5-8b6b-043d77a57cc6,adf3c75f-5653-4fe7-af17-5f932438b6b1
75c785f9-a989-4550-8e02-ed9df5989a43,Hit themselves sell race.,2023-07-31 14:42:29,d974ff45-4b4c-4be5-8b6b-043d77a57cc6,adf3c75f-5653-4fe7-af17-5f932438b6b1
b29fcf59-e16a-4986-a34a-f49238facfcb,Ability performance two lose what open production collection.,2023-07-30 17:13:07,dd5d216a-2df0-4a59-a335-07be66baec35,adf3c75f-5653-4fe7-af17-5f932438b6b1
b29fcf59-e16a-4986-a34a-f49238facfcb,Hospital culture box size. Policy whether able.,2023-07-30 12:56:47,dd5d216a-2df0-4a59-a335-07be66baec35,adf3c75f-5653-4fe7-af17-5f932438b6b1
b29fcf59-e16a-4986-a34a-f49238facfcb,Country onto option result truth resource. Culture film between entire turn. Enter drug this specific agree break live.,2023-08-01 09:58:12,adf3c75f-5653-4fe7-af17-5f932438b6b1,dd5d216a-2df0-4a59-a335-07be66baec35
b29fcf59-e16a-4986-a34a-f49238facfcb,Dinner anything example between. Style go night statement people forward at member.,2023-07-31 17:16:11,dd5d216a-2df0-4a59-a335-07be66baec35,adf3c75f-5653-4fe7-af17-5f932438b6b1
b29fcf59-e16a-4986-a34a-f49238facfcb,Why option upon community evidence child. Nature believe military leg. Minute issue his personal.,2023-07-30 04:35:38,adf3c75f-5653-4fe7-af17-5f932438b6b1,dd5d216a-2df0-4a59-a335-07be66baec35
f28318d4-4cd9-4860-931d-f6978cd2ad08,Include agree ago action. Community herself up bring soon.,2023-07-31 00:06:53,adf3c75f-5653-4fe7-af17-5f932438b6b1,9e2c6399-27c2-4350-b9f0-17b3f35b7d92
f28318d4-4cd9-4860-931d-f6978cd2ad08,Measure here we college decision product.,2023-07-29 12:08:51,adf3c75f-5653-4fe7-af17-5f932438b6b1,9e2c6399-27c2-4350-b9f0-17b3f35b7d92
f28318d4-4cd9-4860-931d-f6978cd2ad08,Accept east society hit sometimes. Write least lose lawyer can bad.,2023-07-27 16:45:41,adf3c75f-5653-4fe7-af17-5f932438b6b1,9e2c6399-27c2-4350-b9f0-17b3f35b7d92
f28318d4-4cd9-4860-931d-f6978cd2ad08,Leg clear travel moment. Ball meet leave lot might.,2023-07-30 10:18:04,adf3c75f-5653-4fe7-af17-5f932438b6b1,9e2c6399-27c2-4350-b9f0-17b3f35b7d92
f28318d4-4cd9-4860-931d-f6978cd2ad08,Work sport run before. Performance just pull also certain do.,2023-07-29 01:30:22,9e2c6399-27c2-4350-b9f0-17b3f35b7d92,adf3c75f-5653-4fe7-af17-5f932438b6b1
8e7edba3-8d37-4a17-a8aa-27249bd1513c,Model allow outside particular southern half program. Employee think church thank. Low deal responsibility although table.,2023-07-28 17:39:20,51ba5c70-9e4c-4142-bc85-dccad9df716f,5c6da620-b4d2-4d77-8947-d10b9526bfb3
8e7edba3-8d37-4a17-a8aa-27249bd1513c,Minute second record believe feeling simply. Age box future must instead. Green feel protect history.,2023-07-30 00:58:38,5c6da620-b4d2-4d77-8947-d10b9526bfb3,51ba5c70-9e4c-4142-bc85-dccad9df716f
8e7edba3-8d37-4a17-a8aa-27249bd1513c,Positive instead agency two attorney husband force. Success industry program stand traditional space democratic business.,2023-07-28 02:43:33,5c6da620-b4d2-4d77-8947-d10b9526bfb3,51ba5c70-9e4c-4142-bc85-dccad9df716f
8e7edba3-8d37-4a17-a8aa-27249bd1513c,Rule this fly find single baby talk. Ability rise place want its majority you.,2023-08-02 23:44:37,51ba5c70-9e4c-4142-bc85-dccad9df716f,5c6da620-b4d2-4d77-8947-d10b9526bfb3
8e7edba3-8d37-4a17-a8aa-27249bd1513c,Some ago suddenly world state mission. Education why defense source lose husband race from.,2023-08-03 02:10:15,51ba5c70-9e4c-4142-bc85-dccad9df716f,5c6da620-b4d2-4d77-8947-d10b9526bfb3
e7b69959-20d4-4fb9-8f9f-3c4e97fa79c6,Nature new model their husband mention. Before magazine life join activity.,2023-08-01 07:48:37,51ba5c70-9e4c-4142-bc85-dccad9df716f,81213d5e-9584-4dd5-b296-7857c66728cb
e7b69959-20d4-4fb9-8f9f-3c4e97fa79c6,Involve during sure including. True possible sure audience contain. Appear bank hard believe purpose.,2023-07-31 16:20:14,81213d5e-9584-4dd5-b296-7857c66728cb,51ba5c70-9e4c-4142-bc85-dccad9df716f
e7b69959-20d4-4fb9-8f9f-3c4e97fa79c6,Wide together where discover office worker development political. A watch commercial. Already you pretty per.,2023-07-29 09:31:48,81213d5e-9584-4dd5-b296-7857c66728cb,51ba5c70-9e4c-4142-bc85-dccad9df716f
e7b69959-20d4-4fb9-8f9f-3c4e97fa79c6,Positive record expect able interesting though yeah beautiful. Share clearly imagine score point something career.,2023-07-31 22:50:12,51ba5c70-9e4c-4142-bc85-dccad9df716f,81213d5e-9584-4dd5-b296-7857c66728cb
e7b69959-20d4-4fb9-8f9f-3c4e97fa79c6,Whether forget if occur themselves hard Mr. Talk on husband skin. Hard vote hotel box hour.,2023-08-01 11:23:36,51ba5c70-9e4c-4142-bc85-dccad9df716f,81213d5e-9584-4dd5-b296-7857c66728cb
9b1af688-20a0-4d8f-b483-e858cec8a8fe,Security agent prepare resource. Policy life as rock.,2023-08-02 02:04:55,422d6cb3-b140-4e7c-9965-4404ef15d44a,040707e8-06c4-4c10-b169-087152422323
9b1af688-20a0-4d8f-b483-e858cec8a8fe,Quickly within bad left wish admit everyone.,2023-08-02 01:08:42,422d6cb3-b140-4e7c-9965-4404ef15d44a,040707e8-06c4-4c10-b169-087152422323
9b1af688-20a0-4d8f-b483-e858cec8a8fe,Usually media choice politics pull team step protect. Else child science recent news. Hour wall southern recognize society direction especially.,2023-08-02 07:26:01,422d6cb3-b140-4e7c-9965-4404ef15d44a,040707e8-06c4-4c10-b169-087152422323
9b1af688-20a0-4d8f-b483-e858cec8a8fe,Late through old shoulder.,2023-07-30 20:35:08,422d6cb3-b140-4e7c-9965-4404ef15d44a,040707e8-06c4-4c10-b169-087152422323
9b1af688-20a0-4d8f-b483-e858cec8a8fe,Character bag no believe boy fish. Could forget ask his consumer. Until mention decide life help owner.,2023-08-03 09:28:53,040707e8-06c4-4c10-b169-087152422323,422d6cb3-b140-4e7c-9965-4404ef15d44a
ccc5f7fc-052b-451d-8584-3aac8bd9a990,Real small hotel it bar. Response suffer book history plan chance town. State station single east.,2023-08-01 22:48:11,65f697f9-00ec-4308-9749-776d4a685602,8db3c3d9-5e75-4be2-a286-5565352e807e
ccc5f7fc-052b-451d-8584-3aac8bd9a990,Soon consider direction. Sea instead play year.,2023-08-01 08:52:45,65f697f9-00ec-4308-9749-776d4a685602,8db3c3d9-5e75-4be2-a286-5565352e807e
ccc5f7fc-052b-451d-8584-3aac8bd9a990,Join family goal tax those better. Rest manager poor who.,2023-08-01 19:11:37,65f697f9-00ec-4308-9749-776d4a685602,8db3c3d9-5e75-4be2-a286-5565352e807e
ccc5f7fc-052b-451d-8584-3aac8bd9a990,Tree say skill interview coach bad large. Walk know within. Order be recently exactly individual star worker.,2023-07-28 18:23:04,8db3c3d9-5e75-4be2-a286-5565352e807e,65f697f9-00ec-4308-9749-776d4a685602
ccc5f7fc-052b-451d-8584-3aac8bd9a990,Card prepare culture accept. Before sister various go.,2023-08-01 04:54:02,8db3c3d9-5e75-4be2-a286-5565352e807e,65f697f9-00ec-4308-9749-776d4a685602
a5b486f4-f95c-43f0-b7fc-5b6a6c46e7f0,Better believe value enough until but.,2023-07-28 20:12:37,21a10ed6-88a4-4d70-9f36-e049a0cd8ee2,8e71247a-28a5-423a-9e76-5a8cf87432f4
a5b486f4-f95c-43f0-b7fc-5b6a6c46e7f0,Baby want fear appear yard.,2023-08-02 18:45:15,21a10ed6-88a4-4d70-9f36-e049a0cd8ee2,8e71247a-28a5-423a-9e76-5a8cf87432f4
a5b486f4-f95c-43f0-b7fc-5b6a6c46e7f0,Near blue step seem. Individual practice movement suffer sell strategy news.,2023-08-02 20:21:32,8e71247a-28a5-423a-9e76-5a8cf87432f4,21a10ed6-88a4-4d70-9f36-e049a0cd8ee2
a5b486f4-f95c-43f0-b7fc-5b6a6c46e7f0,Gas write court. Evening off alone its without. Price energy hold animal discuss discuss evening affect.,2023-08-01 05:51:19,21a10ed6-88a4-4d70-9f36-e049a0cd8ee2,8e71247a-28a5-423a-9e76-5a8cf87432f4
a5b486f4-f95c-43f0-b7fc-5b6a6c46e7f0,Break child significant him. This other mission learn difficult.,2023-08-02 10:32:21,8e71247a-28a5-423a-9e76-5a8cf87432f4,21a10ed6-88a4-4d70-9f36-e049a0cd8ee2
a1f853b3-d524-4165-ad98-b27f457ab0cb,Field fear trip join along leg. Budget car like quite through effort. Radio ten describe reflect stay foot garden off.,2023-07-28 11:52:09,6fc23e36-ac60-420d-9d68-6f813d271ccc,e849ece6-3e21-4801-a580-a9db927997e6
a1f853b3-d524-4165-ad98-b27f457ab0cb,Bed indicate blue treat clearly. Life gas little evidence agree. Quite ask happy agent attorney nothing couple.,2023-08-02 12:48:43,6fc23e36-ac60-420d-9d68-6f813d271ccc,e849ece6-3e21-4801-a580-a9db927997e6
a1f853b3-d524-4165-ad98-b27f457ab0cb,Onto along though kid.,2023-08-02 03:12:41,6fc23e36-ac60-420d-9d68-6f813d271ccc,e849ece6-3e21-4801-a580-a9db927997e6
a1f853b3-d524-4165-ad98-b27f457ab0cb,Morning green budget bag affect west.,2023-07-28 05:08:29,6fc23e36-ac60-420d-9d68-6f813d271ccc,e849ece6-3e21-4801-a580-a9db927997e6
a1f853b3-d524-4165-ad98-b27f457ab0cb,Common describe television market better economy. Space prepare control director discover.,2023-07-29 16:22:30,e849ece6-3e21-4801-a580-a9db927997e6,6fc23e36-ac60-420d-9d68-6f813d271ccc
b78c8418-9025-4c5a-aed9-abda3fdd4ff4,Guess capital none. Every born strong indicate smile wait current nearly. Item consumer meet audience during me.,2023-07-28 09:04:50,d6c2f38c-748e-4a67-b6f2-f3c5b5717d41,291af8bd-6b88-4956-8a7e-9def0f640f6d
b78c8418-9025-4c5a-aed9-abda3fdd4ff4,Class when thank man someone. Similar spring raise magazine. Make that stay station.,2023-07-29 05:19:19,291af8bd-6b88-4956-8a7e-9def0f640f6d,d6c2f38c-748e-4a67-b6f2-f3c5b5717d41
b78c8418-9025-4c5a-aed9-abda3fdd4ff4,Authority southern her. Trip bring cup back teacher himself. College prevent fear stay address hospital.,2023-07-29 13:46:10,291af8bd-6b88-4956-8a7e-9def0f640f6d,d6c2f38c-748e-4a67-b6f2-f3c5b5717d41
b78c8418-9025-4c5a-aed9-abda3fdd4ff4,Situation company present maybe matter.,2023-07-29 10:18:27,d6c2f38c-748e-4a67-b6f2-f3c5b5717d41,291af8bd-6b88-4956-8a7e-9def0f640f6d
b78c8418-9025-4c5a-aed9-abda3fdd4ff4,Congress travel according my share offer. Or peace radio thing above. Question board focus would attorney out me.,2023-07-30 13:19:22,d6c2f38c-748e-4a67-b6f2-f3c5b5717d41,291af8bd-6b88-4956-8a7e-9def0f640f6d
7f550d4a-9dc1-47f7-87b5-e23e14d2fb67,With two unit whether end.,2023-07-30 02:06:41,e1c2f44a-62ca-479b-988b-39afa77d9c25,ef828a9b-a2c4-4967-b717-f198507e7314
7f550d4a-9dc1-47f7-87b5-e23e14d2fb67,Program think really name. Similar seven open house data nothing discover. Film sure environmental reach kind.,2023-07-29 20:29:06,ef828a9b-a2c4-4967-b717-f198507e7314,e1c2f44a-62ca-479b-988b-39afa77d9c25
7f550d4a-9dc1-47f7-87b5-e23e14d2fb67,Defense even provide. Head lead too career according candidate. For expert happy investment art.,2023-07-29 18:40:02,e1c2f44a-62ca-479b-988b-39afa77d9c25,ef828a9b-a2c4-4967-b717-f198507e7314
7f550d4a-9dc1-47f7-87b5-e23e14d2fb67,Money staff economy Mrs.,2023-08-02 22:56:30,ef828a9b-a2c4-4967-b717-f198507e7314,e1c2f44a-62ca-479b-988b-39afa77d9c25
7f550d4a-9dc1-47f7-87b5-e23e14d2fb67,Much nice south economic hospital majority. Drug find visit customer unit sound. Order material four government.,2023-07-28 23:26:05,ef828a9b-a2c4-4967-b717-f198507e7314,e1c2f44a-62ca-479b-988b-39afa77d9c25
30a67faa-5f89-47d5-a5eb-a693de8311ce,National miss act may past position. Interesting citizen ok decision. Act yeah also everybody.,2023-07-27 23:05:54,9137bb1d-882e-4bf3-a644-e41f1954fc3f,5c6da620-b4d2-4d77-8947-d10b9526bfb3
30a67faa-5f89-47d5-a5eb-a693de8311ce,Investment manager easy management approach fire policy bad. Someone money everything remember interesting region amount help.,2023-07-29 19:46:07,5c6da620-b4d2-4d77-8947-d10b9526bfb3,9137bb1d-882e-4bf3-a644-e41f1954fc3f
30a67faa-5f89-47d5-a5eb-a693de8311ce,Fight increase staff sell mouth.,2023-07-31 10:28:01,9137bb1d-882e-4bf3-a644-e41f1954fc3f,5c6da620-b4d2-4d77-8947-d10b9526bfb3
30a67faa-5f89-47d5-a5eb-a693de8311ce,Both officer resource wife kitchen say pass.,2023-07-31 02:52:29,5c6da620-b4d2-4d77-8947-d10b9526bfb3,9137bb1d-882e-4bf3-a644-e41f1954fc3f
30a67faa-5f89-47d5-a5eb-a693de8311ce,Action pass house investment recent. Team security view bar allow. Toward up arm down only partner second management.,2023-08-02 21:53:49,5c6da620-b4d2-4d77-8947-d10b9526bfb3,9137bb1d-882e-4bf3-a644-e41f1954fc3f
da3b8ca4-1703-44ec-b49d-79b7c7c0ea1b,Budget improve produce sort well pay.,2023-07-28 21:44:50,7be0702e-387a-46a4-a661-ccc61bbfebbd,0709491d-c50f-425e-ad61-c7629544eaa2
da3b8ca4-1703-44ec-b49d-79b7c7c0ea1b,Practice method data.,2023-07-28 18:19:11,7be0702e-387a-46a4-a661-ccc61bbfebbd,0709491d-c50f-425e-ad61-c7629544eaa2
da3b8ca4-1703-44ec-b49d-79b7c7c0ea1b,Civil movement little create. Wear among team mouth by public quite. Training example green player he face view central.,2023-08-02 01:48:15,7be0702e-387a-46a4-a661-ccc61bbfebbd,0709491d-c50f-425e-ad61-c7629544eaa2
da3b8ca4-1703-44ec-b49d-79b7c7c0ea1b,Morning low ahead office. Student believe role total. Decision word wife very head set.,2023-07-31 12:17:09,7be0702e-387a-46a4-a661-ccc61bbfebbd,0709491d-c50f-425e-ad61-c7629544eaa2
da3b8ca4-1703-44ec-b49d-79b7c7c0ea1b,Scene partner thousand own young. Father blue simply. Work agreement performance deep.,2023-08-03 12:52:20,0709491d-c50f-425e-ad61-c7629544eaa2,7be0702e-387a-46a4-a661-ccc61bbfebbd
0203c53c-572f-4558-93a3-316b0a30466a,Huge itself worker director recently per. Service treat join marriage.,2023-07-27 16:23:09,a16679f5-788c-4ad9-aa9b-d53304e8120b,7be0702e-387a-46a4-a661-ccc61bbfebbd
0203c53c-572f-4558-93a3-316b0a30466a,Arm often region land until trial. Defense north late senior four consider. Live respond PM do whom would trouble.,2023-07-29 20:19:08,7be0702e-387a-46a4-a661-ccc61bbfebbd,a16679f5-788c-4ad9-aa9b-d53304e8120b
0203c53c-572f-4558-93a3-316b0a30466a,Prove start high organization.,2023-08-02 04:46:53,7be0702e-387a-46a4-a661-ccc61bbfebbd,a16679f5-788c-4ad9-aa9b-d53304e8120b
0203c53c-572f-4558-93a3-316b0a30466a,Finish seek guy.,2023-08-02 14:11:37,a16679f5-788c-4ad9-aa9b-d53304e8120b,7be0702e-387a-46a4-a661-ccc61bbfebbd
0203c53c-572f-4558-93a3-316b0a30466a,Chair great talk tree service south. Hear body data team amount skin. Town another country tend recently.,2023-07-30 12:43:45,a16679f5-788c-4ad9-aa9b-d53304e8120b,7be0702e-387a-46a4-a661-ccc61bbfebbd
b35dbcb0-9b13-41e9-9f6b-8ea20821b31e,Under community white speech. Statement account remember employee smile.,2023-07-31 02:37:42,f1f7352d-c0e3-46b5-b523-c3e6626d9cfb,661eec09-3feb-4d61-ad4a-d01e0d5c85ba
b35dbcb0-9b13-41e9-9f6b-8ea20821b31e,Place certainly your land feeling. Impact lawyer certain red method live team give.,2023-08-03 02:49:38,f1f7352d-c0e3-46b5-b523-c3e6626d9cfb,661eec09-3feb-4d61-ad4a-d01e0d5c85ba
b35dbcb0-9b13-41e9-9f6b-8ea20821b31e,Information myself research explain power. Public religious both let event also.,2023-07-28 16:08:51,661eec09-3feb-4d61-ad4a-d01e0d5c85ba,f1f7352d-c0e3-46b5-b523-c3e6626d9cfb
b35dbcb0-9b13-41e9-9f6b-8ea20821b31e,Institution choice voice health.,2023-07-31 11:59:23,661eec09-3feb-4d61-ad4a-d01e0d5c85ba,f1f7352d-c0e3-46b5-b523-c3e6626d9cfb
b35dbcb0-9b13-41e9-9f6b-8ea20821b31e,Such join relate either. Catch a cost explain example. Among other loss.,2023-07-27 20:32:52,661eec09-3feb-4d61-ad4a-d01e0d5c85ba,f1f7352d-c0e3-46b5-b523-c3e6626d9cfb
c183efc1-880f-4712-94cd-65a451c2b0af,Outside market force senior new.,2023-07-30 03:16:53,167d4984-eecc-4ff4-a01c-96a9fea71a0e,f1f7352d-c0e3-46b5-b523-c3e6626d9cfb
c183efc1-880f-4712-94cd-65a451c2b0af,Bring important more send around recently assume.,2023-07-29 17:00:16,167d4984-eecc-4ff4-a01c-96a9fea71a0e,f1f7352d-c0e3-46b5-b523-c3e6626d9cfb
c183efc1-880f-4712-94cd-65a451c2b0af,Language new pay sure.,2023-08-02 06:05:10,f1f7352d-c0e3-46b5-b523-c3e6626d9cfb,167d4984-eecc-4ff4-a01c-96a9fea71a0e
c183efc1-880f-4712-94cd-65a451c2b0af,Both through dog positive rate option be. Management above college ahead product.,2023-07-28 16:09:48,167d4984-eecc-4ff4-a01c-96a9fea71a0e,f1f7352d-c0e3-46b5-b523-c3e6626d9cfb
c183efc1-880f-4712-94cd-65a451c2b0af,Those Mrs will political what individual plant.,2023-08-03 11:15:34,f1f7352d-c0e3-46b5-b523-c3e6626d9cfb,167d4984-eecc-4ff4-a01c-96a9fea71a0e
a63eb3a7-6cb5-44b9-971b-09343fc1dcea,Magazine daughter us order.,2023-07-29 08:39:11,f1f7352d-c0e3-46b5-b523-c3e6626d9cfb,a16679f5-788c-4ad9-aa9b-d53304e8120b
a63eb3a7-6cb5-44b9-971b-09343fc1dcea,Beautiful culture site begin themselves. May none hour against. Picture Republican phone many.,2023-07-29 14:28:16,f1f7352d-c0e3-46b5-b523-c3e6626d9cfb,a16679f5-788c-4ad9-aa9b-d53304e8120b
a63eb3a7-6cb5-44b9-971b-09343fc1dcea,Imagine onto hundred response. Eight left art edge outside budget. Political shake walk article vote.,2023-07-28 05:25:36,f1f7352d-c0e3-46b5-b523-c3e6626d9cfb,a16679f5-788c-4ad9-aa9b-d53304e8120b
a63eb3a7-6cb5-44b9-971b-09343fc1dcea,Trade decide fact. Create view could product particular investment speech.,2023-07-31 17:00:53,f1f7352d-c0e3-46b5-b523-c3e6626d9cfb,a16679f5-788c-4ad9-aa9b-d53304e8120b
a63eb3a7-6cb5-44b9-971b-09343fc1dcea,Father foot fine save standard find. Hospital remain indicate production risk tough travel. Close produce left evening.,2023-07-30 18:14:07,f1f7352d-c0e3-46b5-b523-c3e6626d9cfb,a16679f5-788c-4ad9-aa9b-d53304e8120b
eb4273d0-05cb-483a-a966-c6a9403eb03e,Serve only possible indicate though general.,2023-08-01 02:17:40,95eab6c7-49d8-4e41-bec2-d1e71cdc288d,435752d3-e873-4b60-ac66-7761f03fdfb5
eb4273d0-05cb-483a-a966-c6a9403eb03e,Ground anyone player financial common.,2023-08-02 22:29:01,435752d3-e873-4b60-ac66-7761f03fdfb5,95eab6c7-49d8-4e41-bec2-d1e71cdc288d
eb4273d0-05cb-483a-a966-c6a9403eb03e,Run indicate within bar difference. Water record receive raise sing. Building economy music place.,2023-07-31 19:44:45,95eab6c7-49d8-4e41-bec2-d1e71cdc288d,435752d3-e873-4b60-ac66-7761f03fdfb5
eb4273d0-05cb-483a-a966-c6a9403eb03e,Culture best our wait. Available design what which if it.,2023-07-30 06:03:12,435752d3-e873-4b60-ac66-7761f03fdfb5,95eab6c7-49d8-4e41-bec2-d1e71cdc288d
eb4273d0-05cb-483a-a966-c6a9403eb03e,Camera yes record least.,2023-07-29 02:47:34,95eab6c7-49d8-4e41-bec2-d1e71cdc288d,435752d3-e873-4b60-ac66-7761f03fdfb5
c74c5c64-3ddf-4c0f-92e7-82194714b122,Condition look audience seek. Past card security candidate available. Without those but able strong.,2023-08-01 15:51:38,ef828a9b-a2c4-4967-b717-f198507e7314,e1c2f44a-62ca-479b-988b-39afa77d9c25
c74c5c64-3ddf-4c0f-92e7-82194714b122,Forward exactly add world.,2023-07-30 08:33:24,e1c2f44a-62ca-479b-988b-39afa77d9c25,ef828a9b-a2c4-4967-b717-f198507e7314
c74c5c64-3ddf-4c0f-92e7-82194714b122,Finally really letter get worker music spend.,2023-07-30 06:23:18,e1c2f44a-62ca-479b-988b-39afa77d9c25,ef828a9b-a2c4-4967-b717-f198507e7314
c74c5c64-3ddf-4c0f-92e7-82194714b122,Middle tax management public doctor ground. New your child.,2023-08-01 04:49:45,e1c2f44a-62ca-479b-988b-39afa77d9c25,ef828a9b-a2c4-4967-b717-f198507e7314
c74c5c64-3ddf-4c0f-92e7-82194714b122,Data weight forget recognize job.,2023-07-28 13:54:56,e1c2f44a-62ca-479b-988b-39afa77d9c25,ef828a9b-a2c4-4967-b717-f198507e7314
ef362a60-766a-4458-919e-a29167d2ee48,Friend step traditional Mr bill. Society month price ok much knowledge.,2023-08-01 18:45:34,8e71247a-28a5-423a-9e76-5a8cf87432f4,5c6da620-b4d2-4d77-8947-d10b9526bfb3
ef362a60-766a-4458-919e-a29167d2ee48,Voice room community tax bag. Trouble turn election tax baby parent key second. Yes deep radio allow election west.,2023-08-01 09:50:37,5c6da620-b4d2-4d77-8947-d10b9526bfb3,8e71247a-28a5-423a-9e76-5a8cf87432f4
ef362a60-766a-4458-919e-a29167d2ee48,Indicate north candidate billion know.,2023-08-02 02:38:45,8e71247a-28a5-423a-9e76-5a8cf87432f4,5c6da620-b4d2-4d77-8947-d10b9526bfb3
ef362a60-766a-4458-919e-a29167d2ee48,Leg may say general pay one former of. Sea at scene to expert. While reduce at fear fear.,2023-08-01 06:35:46,5c6da620-b4d2-4d77-8947-d10b9526bfb3,8e71247a-28a5-423a-9e76-5a8cf87432f4
ef362a60-766a-4458-919e-a29167d2ee48,Point involve article down she main region. Various early someone.,2023-07-29 09:36:41,5c6da620-b4d2-4d77-8947-d10b9526bfb3,8e71247a-28a5-423a-9e76-5a8cf87432f4
0fe98b58-9b85-482e-9906-dc8cc7330643,Order picture accept language. Affect start rest bit road protect bit.,2023-07-31 17:26:13,eed5c80e-40b1-46e4-9fb7-37021ce21e12,ae160dd1-2134-4f51-a7f2-da9ff23e5c18
0fe98b58-9b85-482e-9906-dc8cc7330643,Free stand sell tend husband network. Law cause human magazine.,2023-07-28 22:04:04,eed5c80e-40b1-46e4-9fb7-37021ce21e12,ae160dd1-2134-4f51-a7f2-da9ff23e5c18
0fe98b58-9b85-482e-9906-dc8cc7330643,Herself idea senior government during voice. Process place argue over half cell open wrong.,2023-08-03 11:45:36,eed5c80e-40b1-46e4-9fb7-37021ce21e12,ae160dd1-2134-4f51-a7f2-da9ff23e5c18
0fe98b58-9b85-482e-9906-dc8cc7330643,Check provide couple TV past ask.,2023-07-31 08:21:22,eed5c80e-40b1-46e4-9fb7-37021ce21e12,ae160dd1-2134-4f51-a7f2-da9ff23e5c18
0fe98b58-9b85-482e-9906-dc8cc7330643,Quite yeah kind activity add visit kid. Chance couple professional. Meeting physical seat season fill.,2023-08-03 01:03:56,eed5c80e-40b1-46e4-9fb7-37021ce21e12,ae160dd1-2134-4f51-a7f2-da9ff23e5c18
80873d64-a483-48b4-9317-e7c2f500c62d,Current for focus. We long treatment industry begin.,2023-07-28 05:21:01,65f697f9-00ec-4308-9749-776d4a685602,eed5c80e-40b1-46e4-9fb7-37021ce21e12
80873d64-a483-48b4-9317-e7c2f500c62d,Tv improve plan decision.,2023-07-30 03:35:37,eed5c80e-40b1-46e4-9fb7-37021ce21e12,65f697f9-00ec-4308-9749-776d4a685602
80873d64-a483-48b4-9317-e7c2f500c62d,State wife improve speak floor.,2023-07-31 05:17:18,65f697f9-00ec-4308-9749-776d4a685602,eed5c80e-40b1-46e4-9fb7-37021ce21e12
80873d64-a483-48b4-9317-e7c2f500c62d,Gas language commercial guess.,2023-07-28 11:45:55,eed5c80e-40b1-46e4-9fb7-37021ce21e12,65f697f9-00ec-4308-9749-776d4a685602
80873d64-a483-48b4-9317-e7c2f500c62d,After win true official improve.,2023-07-29 14:21:16,eed5c80e-40b1-46e4-9fb7-37021ce21e12,65f697f9-00ec-4308-9749-776d4a685602
a0bcab6d-8e92-447d-b55a-ce774d76d49e,Recently moment growth window thing remain. Draw million campaign create.,2023-07-30 05:01:52,95eab6c7-49d8-4e41-bec2-d1e71cdc288d,eed5c80e-40b1-46e4-9fb7-37021ce21e12
a0bcab6d-8e92-447d-b55a-ce774d76d49e,Bad already take far while real edge. Country land model every break.,2023-07-30 06:25:53,eed5c80e-40b1-46e4-9fb7-37021ce21e12,95eab6c7-49d8-4e41-bec2-d1e71cdc288d
a0bcab6d-8e92-447d-b55a-ce774d76d49e,Point may believe out.,2023-07-28 07:45:51,95eab6c7-49d8-4e41-bec2-d1e71cdc288d,eed5c80e-40b1-46e4-9fb7-37021ce21e12
a0bcab6d-8e92-447d-b55a-ce774d76d49e,Son set such suggest own.,2023-08-03 10:23:42,95eab6c7-49d8-4e41-bec2-d1e71cdc288d,eed5c80e-40b1-46e4-9fb7-37021ce21e12
a0bcab6d-8e92-447d-b55a-ce774d76d49e,Within least story through performance something.,2023-07-29 15:35:12,eed5c80e-40b1-46e4-9fb7-37021ce21e12,95eab6c7-49d8-4e41-bec2-d1e71cdc288d
6f984fff-a0cb-4ce7-a61b-61e040315b36,Consumer technology development society girl action myself.,2023-07-31 17:22:30,1fe1f376-9687-4ac3-b967-5b979a4105d6,291af8bd-6b88-4956-8a7e-9def0f640f6d
6f984fff-a0cb-4ce7-a61b-61e040315b36,Reason boy mention operation city.,2023-08-01 14:07:01,1fe1f376-9687-4ac3-b967-5b979a4105d6,291af8bd-6b88-4956-8a7e-9def0f640f6d
6f984fff-a0cb-4ce7-a61b-61e040315b36,Such director court four trial. Day the population least Republican research.,2023-08-02 12:02:54,1fe1f376-9687-4ac3-b967-5b979a4105d6,291af8bd-6b88-4956-8a7e-9def0f640f6d
6f984fff-a0cb-4ce7-a61b-61e040315b36,West answer difference baby. Safe chair every attack then house significant. Risk argue half reduce this.,2023-07-31 03:12:13,291af8bd-6b88-4956-8a7e-9def0f640f6d,1fe1f376-9687-4ac3-b967-5b979a4105d6
6f984fff-a0cb-4ce7-a61b-61e040315b36,Page project mention explain color.,2023-07-28 18:32:34,1fe1f376-9687-4ac3-b967-5b979a4105d6,291af8bd-6b88-4956-8a7e-9def0f640f6d
2a4edcad-3c38-461d-a082-af4bc517120a,Guy none standard raise student animal.,2023-07-30 07:44:33,1fe1f376-9687-4ac3-b967-5b979a4105d6,9137bb1d-882e-4bf3-a644-e41f1954fc3f
2a4edcad-3c38-461d-a082-af4bc517120a,His they himself matter through man. Something though rule true million yard.,2023-08-03 07:46:07,1fe1f376-9687-4ac3-b967-5b979a4105d6,9137bb1d-882e-4bf3-a644-e41f1954fc3f
2a4edcad-3c38-461d-a082-af4bc517120a,Seven stay project senior. Represent decide take.,2023-07-31 21:43:56,1fe1f376-9687-4ac3-b967-5b979a4105d6,9137bb1d-882e-4bf3-a644-e41f1954fc3f
2a4edcad-3c38-461d-a082-af4bc517120a,Perhaps site a ever instead doctor throw tree. Two data again society. Technology great even necessary future yard dream answer.,2023-07-31 21:23:27,1fe1f376-9687-4ac3-b967-5b979a4105d6,9137bb1d-882e-4bf3-a644-e41f1954fc3f
2a4edcad-3c38-461d-a082-af4bc517120a,Yet world peace receive behind close experience. National appear indicate body respond. Yes task loss tax certainly discuss.,2023-07-29 23:41:04,9137bb1d-882e-4bf3-a644-e41f1954fc3f,1fe1f376-9687-4ac3-b967-5b979a4105d6
d64c1b5c-9c7f-407e-8a14-c814989350b2,Sometimes late forget maybe mouth hundred with. Husband have always community back. Kitchen cut life girl.,2023-07-29 08:25:44,51ba5c70-9e4c-4142-bc85-dccad9df716f,7a892c5c-cd1c-4835-abda-533f16e19467
d64c1b5c-9c7f-407e-8a14-c814989350b2,Weight news military buy. Thought wind smile work lay anyone. Real scene such coach tonight.,2023-08-03 08:05:26,51ba5c70-9e4c-4142-bc85-dccad9df716f,7a892c5c-cd1c-4835-abda-533f16e19467
d64c1b5c-9c7f-407e-8a14-c814989350b2,Way up site particular explain by.,2023-07-29 13:19:05,51ba5c70-9e4c-4142-bc85-dccad9df716f,7a892c5c-cd1c-4835-abda-533f16e19467
d64c1b5c-9c7f-407e-8a14-c814989350b2,Interest animal those identify area. Senior Congress hear question break. Such significant despite past suddenly.,2023-07-29 05:21:01,51ba5c70-9e4c-4142-bc85-dccad9df716f,7a892c5c-cd1c-4835-abda-533f16e19467
d64c1b5c-9c7f-407e-8a14-c814989350b2,Experience time gun none yard.,2023-07-28 20:53:50,51ba5c70-9e4c-4142-bc85-dccad9df716f,7a892c5c-cd1c-4835-abda-533f16e19467
ce0bc52f-4536-47c1-a797-45f2339e544e,See another the manage nearly senior food. Specific create get significant indeed.,2023-08-03 10:52:33,22a84dbc-45fb-4391-9775-ea86fb018a38,46e01745-11a6-44f5-8e11-a85e238e6da9
ce0bc52f-4536-47c1-a797-45f2339e544e,High vote friend use final investment personal. Oil body against traditional society. In table tend though apply behind identify.,2023-07-29 15:44:34,46e01745-11a6-44f5-8e11-a85e238e6da9,22a84dbc-45fb-4391-9775-ea86fb018a38
ce0bc52f-4536-47c1-a797-45f2339e544e,Site investment box participant surface. End foreign leave her newspaper. Bed leader great professional.,2023-08-02 00:39:07,46e01745-11a6-44f5-8e11-a85e238e6da9,22a84dbc-45fb-4391-9775-ea86fb018a38
ce0bc52f-4536-47c1-a797-45f2339e544e,Provide or woman source until ten animal have. Operation lose marriage recent me receive.,2023-07-28 20:08:41,46e01745-11a6-44f5-8e11-a85e238e6da9,22a84dbc-45fb-4391-9775-ea86fb018a38
ce0bc52f-4536-47c1-a797-45f2339e544e,Certain else determine already.,2023-08-01 14:13:25,46e01745-11a6-44f5-8e11-a85e238e6da9,22a84dbc-45fb-4391-9775-ea86fb018a38
8d43cd4a-1044-4c88-bb6f-37febf3c481e,Business produce fear difficult their answer. These provide wear result think difference.,2023-07-30 21:25:00,422d6cb3-b140-4e7c-9965-4404ef15d44a,22a84dbc-45fb-4391-9775-ea86fb018a38
8d43cd4a-1044-4c88-bb6f-37febf3c481e,School beautiful anyone big population face claim. How idea themselves their subject why.,2023-07-30 11:27:13,422d6cb3-b140-4e7c-9965-4404ef15d44a,22a84dbc-45fb-4391-9775-ea86fb018a38
8d43cd4a-1044-4c88-bb6f-37febf3c481e,Teach matter affect step bar cost cup.,2023-07-30 00:16:23,22a84dbc-45fb-4391-9775-ea86fb018a38,422d6cb3-b140-4e7c-9965-4404ef15d44a
8d43cd4a-1044-4c88-bb6f-37febf3c481e,Other activity light since.,2023-07-31 15:45:17,22a84dbc-45fb-4391-9775-ea86fb018a38,422d6cb3-b140-4e7c-9965-4404ef15d44a
8d43cd4a-1044-4c88-bb6f-37febf3c481e,Serve boy employee trade matter company big.,2023-07-29 00:46:07,422d6cb3-b140-4e7c-9965-4404ef15d44a,22a84dbc-45fb-4391-9775-ea86fb018a38
a245a5c3-583c-4625-9f7b-74963f0fb85d,Structure live manager too movement current them region. Sign degree letter any research people letter. More discussion make spring fund team though by.,2023-08-02 11:06:36,22a84dbc-45fb-4391-9775-ea86fb018a38,65f697f9-00ec-4308-9749-776d4a685602
a245a5c3-583c-4625-9f7b-74963f0fb85d,We nature place offer.,2023-07-28 06:12:03,22a84dbc-45fb-4391-9775-ea86fb018a38,65f697f9-00ec-4308-9749-776d4a685602
a245a5c3-583c-4625-9f7b-74963f0fb85d,Dream exist within number leg somebody tax.,2023-08-03 08:55:08,65f697f9-00ec-4308-9749-776d4a685602,22a84dbc-45fb-4391-9775-ea86fb018a38
a245a5c3-583c-4625-9f7b-74963f0fb85d,Century military drop truth. Big be watch amount employee me.,2023-07-29 12:59:29,22a84dbc-45fb-4391-9775-ea86fb018a38,65f697f9-00ec-4308-9749-776d4a685602
a245a5c3-583c-4625-9f7b-74963f0fb85d,Until yes speak lead modern cover coach. Machine billion hundred analysis take director. Experience box program list upon who community.,2023-07-28 08:25:37,65f697f9-00ec-4308-9749-776d4a685602,22a84dbc-45fb-4391-9775-ea86fb018a38
850a5b92-d3b5-49b3-b89d-ae0476bc4057,Director subject rock third much realize wide foot. Short manager cost natural senior race. Act pretty skin must program Republican.,2023-08-03 10:28:56,a16679f5-788c-4ad9-aa9b-d53304e8120b,0709491d-c50f-425e-ad61-c7629544eaa2
850a5b92-d3b5-49b3-b89d-ae0476bc4057,Between student reduce wife. Chair herself nice. Politics PM large subject free according.,2023-08-02 15:29:42,0709491d-c50f-425e-ad61-c7629544eaa2,a16679f5-788c-4ad9-aa9b-d53304e8120b
850a5b92-d3b5-49b3-b89d-ae0476bc4057,Police than friend improve kind.,2023-07-31 20:57:08,0709491d-c50f-425e-ad61-c7629544eaa2,a16679f5-788c-4ad9-aa9b-d53304e8120b
850a5b92-d3b5-49b3-b89d-ae0476bc4057,Tonight law chair believe.,2023-07-27 18:22:26,0709491d-c50f-425e-ad61-c7629544eaa2,a16679f5-788c-4ad9-aa9b-d53304e8120b
850a5b92-d3b5-49b3-b89d-ae0476bc4057,Without about rock check. Turn see behind friend life.,2023-07-31 06:57:33,0709491d-c50f-425e-ad61-c7629544eaa2,a16679f5-788c-4ad9-aa9b-d53304e8120b
e5c22774-7908-453c-b6ed-f288429e5c3b,Cause social weight long sister.,2023-08-02 16:53:02,040707e8-06c4-4c10-b169-087152422323,a16679f5-788c-4ad9-aa9b-d53304e8120b
e5c22774-7908-453c-b6ed-f288429e5c3b,Training family option their floor car. Recognize until school cell. Memory now would near serve.,2023-07-29 21:44:57,040707e8-06c4-4c10-b169-087152422323,a16679f5-788c-4ad9-aa9b-d53304e8120b
e5c22774-7908-453c-b6ed-f288429e5c3b,Performance sing low degree. Memory talk small trade.,2023-07-31 09:33:23,040707e8-06c4-4c10-b169-087152422323,a16679f5-788c-4ad9-aa9b-d53304e8120b
e5c22774-7908-453c-b6ed-f288429e5c3b,However or everybody skin significant then defense.,2023-08-01 16:22:42,a16679f5-788c-4ad9-aa9b-d53304e8120b,040707e8-06c4-4c10-b169-087152422323
e5c22774-7908-453c-b6ed-f288429e5c3b,Thank side generation wife your.,2023-07-31 11:50:28,a16679f5-788c-4ad9-aa9b-d53304e8120b,040707e8-06c4-4c10-b169-087152422323
37314c57-7334-4dd7-b296-95eeacfa187e,Work ball less public soldier.,2023-08-03 00:33:42,f17ca22b-975b-48f3-afc8-028fc526269c,537462e0-623e-4482-84cf-f3b0b93e2bd1
37314c57-7334-4dd7-b296-95eeacfa187e,Wish together stay ability network course.,2023-07-29 13:20:07,f17ca22b-975b-48f3-afc8-028fc526269c,537462e0-623e-4482-84cf-f3b0b93e2bd1
37314c57-7334-4dd7-b296-95eeacfa187e,They involve better picture leader.,2023-08-02 19:19:55,f17ca22b-975b-48f3-afc8-028fc526269c,537462e0-623e-4482-84cf-f3b0b93e2bd1
37314c57-7334-4dd7-b296-95eeacfa187e,Write put home check teach wait. Kid expert light bring civil result.,2023-07-31 19:37:05,537462e0-623e-4482-84cf-f3b0b93e2bd1,f17ca22b-975b-48f3-afc8-028fc526269c
37314c57-7334-4dd7-b296-95eeacfa187e,Across argue pick you.,2023-07-29 11:48:34,537462e0-623e-4482-84cf-f3b0b93e2bd1,f17ca22b-975b-48f3-afc8-028fc526269c
c06b988e-f676-49b5-a448-6c695353d956,Current manager have sound early. Win despite writer pattern easy. Culture food fact impact.,2023-08-02 22:29:04,ba31c614-e765-495a-8121-a2182f1b8bf0,eef36452-0376-46e0-bb5f-b1aa27bb3d30
c06b988e-f676-49b5-a448-6c695353d956,None cell them edge city his safe. Idea arrive player back authority.,2023-07-28 04:53:05,eef36452-0376-46e0-bb5f-b1aa27bb3d30,ba31c614-e765-495a-8121-a2182f1b8bf0
c06b988e-f676-49b5-a448-6c695353d956,Player believe treat mind majority. Class own data dream hotel third fish space.,2023-08-02 14:35:59,eef36452-0376-46e0-bb5f-b1aa27bb3d30,ba31c614-e765-495a-8121-a2182f1b8bf0
c06b988e-f676-49b5-a448-6c695353d956,Eat wonder sort fill write explain. Mean newspaper wrong produce everything evidence rate. Well democratic hand song far like reflect.,2023-08-01 00:07:17,ba31c614-e765-495a-8121-a2182f1b8bf0,eef36452-0376-46e0-bb5f-b1aa27bb3d30
c06b988e-f676-49b5-a448-6c695353d956,Occur boy head. Girl camera out mission policy alone second.,2023-08-01 08:20:11,ba31c614-e765-495a-8121-a2182f1b8bf0,eef36452-0376-46e0-bb5f-b1aa27bb3d30
2c5de694-b480-425a-9aeb-16c79230efb5,At student scene appear ten watch.,2023-08-02 11:43:26,ba31c614-e765-495a-8121-a2182f1b8bf0,51ba5c70-9e4c-4142-bc85-dccad9df716f
2c5de694-b480-425a-9aeb-16c79230efb5,Share reason second seven. Whatever food teach machine. Society wind add professor try.,2023-08-02 02:23:47,51ba5c70-9e4c-4142-bc85-dccad9df716f,ba31c614-e765-495a-8121-a2182f1b8bf0
2c5de694-b480-425a-9aeb-16c79230efb5,Debate always wait quickly century rather. Really its wrong institution matter traditional.,2023-07-31 16:41:59,ba31c614-e765-495a-8121-a2182f1b8bf0,51ba5c70-9e4c-4142-bc85-dccad9df716f
2c5de694-b480-425a-9aeb-16c79230efb5,Read allow agree food check.,2023-07-30 02:01:11,51ba5c70-9e4c-4142-bc85-dccad9df716f,ba31c614-e765-495a-8121-a2182f1b8bf0
2c5de694-b480-425a-9aeb-16c79230efb5,They forward believe away suggest boy. Develop hair lead.,2023-08-02 08:45:23,51ba5c70-9e4c-4142-bc85-dccad9df716f,ba31c614-e765-495a-8121-a2182f1b8bf0
b3a2b17e-c72d-430f-9eeb-36c124af9897,Glass as leader owner control. Approach art improve piece truth fall respond. Risk finish result.,2023-07-31 08:42:59,61dd2c7c-f36c-4c40-9c39-80094c53b3c3,0f5fbb6c-64b4-4602-acd7-d5a8c1c7aaa7
b3a2b17e-c72d-430f-9eeb-36c124af9897,Real firm rock produce. Street be safe statement growth.,2023-07-30 08:58:50,0f5fbb6c-64b4-4602-acd7-d5a8c1c7aaa7,61dd2c7c-f36c-4c40-9c39-80094c53b3c3
b3a2b17e-c72d-430f-9eeb-36c124af9897,Fear decade hit person education stand. Director local main sing mind.,2023-07-31 02:37:16,61dd2c7c-f36c-4c40-9c39-80094c53b3c3,0f5fbb6c-64b4-4602-acd7-d5a8c1c7aaa7
b3a2b17e-c72d-430f-9eeb-36c124af9897,Particular partner name behind white feeling. Friend fly head tough bag total. Onto phone crime law environmental.,2023-07-28 08:17:37,0f5fbb6c-64b4-4602-acd7-d5a8c1c7aaa7,61dd2c7c-f36c-4c40-9c39-80094c53b3c3
b3a2b17e-c72d-430f-9eeb-36c124af9897,Guess understand assume evidence arrive person. Such result with no mention officer.,2023-07-28 04:28:25,0f5fbb6c-64b4-4602-acd7-d5a8c1c7aaa7,61dd2c7c-f36c-4c40-9c39-80094c53b3c3
ddc52ec5-582c-4d25-a82f-1ea407bd4cbe,Business huge consider wish land agency attorney. Sport recently star before.,2023-08-03 04:41:30,61dd2c7c-f36c-4c40-9c39-80094c53b3c3,eef36452-0376-46e0-bb5f-b1aa27bb3d30
ddc52ec5-582c-4d25-a82f-1ea407bd4cbe,Term position a ground anyone toward example. Others almost collection reflect.,2023-08-01 17:57:40,61dd2c7c-f36c-4c40-9c39-80094c53b3c3,eef36452-0376-46e0-bb5f-b1aa27bb3d30
ddc52ec5-582c-4d25-a82f-1ea407bd4cbe,Both another coach report realize star instead.,2023-08-03 12:59:58,eef36452-0376-46e0-bb5f-b1aa27bb3d30,61dd2c7c-f36c-4c40-9c39-80094c53b3c3
ddc52ec5-582c-4d25-a82f-1ea407bd4cbe,Address fight concern none.,2023-07-30 03:23:10,61dd2c7c-f36c-4c40-9c39-80094c53b3c3,eef36452-0376-46e0-bb5f-b1aa27bb3d30
ddc52ec5-582c-4d25-a82f-1ea407bd4cbe,Speech election group between opportunity. Leg themselves positive lead trade reduce.,2023-07-28 03:45:52,61dd2c7c-f36c-4c40-9c39-80094c53b3c3,eef36452-0376-46e0-bb5f-b1aa27bb3d30
26e134b6-b3a8-42f4-bc72-582bd0eca2c8,Fast real once worry miss learn attention. Drop moment boy responsibility. Pass however crime.,2023-07-29 02:55:24,aa0d5745-c9cf-491a-a267-95a17da4c971,61dd2c7c-f36c-4c40-9c39-80094c53b3c3
26e134b6-b3a8-42f4-bc72-582bd0eca2c8,Toward kitchen agree quickly. Space class them safe wide.,2023-07-31 05:20:44,61dd2c7c-f36c-4c40-9c39-80094c53b3c3,aa0d5745-c9cf-491a-a267-95a17da4c971
26e134b6-b3a8-42f4-bc72-582bd0eca2c8,Baby it bring common wind sort. Ground another for spend economic up federal. Career center beyond school kitchen religious.,2023-07-31 05:19:05,aa0d5745-c9cf-491a-a267-95a17da4c971,61dd2c7c-f36c-4c40-9c39-80094c53b3c3
26e134b6-b3a8-42f4-bc72-582bd0eca2c8,Pick prepare religious result condition. Machine event activity lay religious. Knowledge history allow audience billion appear like.,2023-07-28 00:51:50,aa0d5745-c9cf-491a-a267-95a17da4c971,61dd2c7c-f36c-4c40-9c39-80094c53b3c3
26e134b6-b3a8-42f4-bc72-582bd0eca2c8,Civil behind avoid. Safe politics find language. Day guy vote positive staff everyone.,2023-08-01 20:01:58,aa0d5745-c9cf-491a-a267-95a17da4c971,61dd2c7c-f36c-4c40-9c39-80094c53b3c3
13fc3e85-2b0d-4d4f-b134-18613c4e73f6,Building capital business company account full onto none. Scientist hour change thing. Question perform when trouble bring.,2023-07-29 14:54:03,569ab44e-5502-4bf6-aace-f0524adb2fc2,bafa23e1-718d-441b-beb4-3001bf638004
13fc3e85-2b0d-4d4f-b134-18613c4e73f6,Serious entire necessary even life you. Involve without evidence.,2023-08-01 01:59:50,569ab44e-5502-4bf6-aace-f0524adb2fc2,bafa23e1-718d-441b-beb4-3001bf638004
13fc3e85-2b0d-4d4f-b134-18613c4e73f6,Degree rest my food other Congress instead.,2023-08-01 20:50:32,bafa23e1-718d-441b-beb4-3001bf638004,569ab44e-5502-4bf6-aace-f0524adb2fc2
13fc3e85-2b0d-4d4f-b134-18613c4e73f6,Task usually benefit. Special company future key memory. Coach daughter report hold.,2023-08-02 17:09:21,569ab44e-5502-4bf6-aace-f0524adb2fc2,bafa23e1-718d-441b-beb4-3001bf638004
13fc3e85-2b0d-4d4f-b134-18613c4e73f6,Everybody support quite long.,2023-08-01 09:56:02,bafa23e1-718d-441b-beb4-3001bf638004,569ab44e-5502-4bf6-aace-f0524adb2fc2
39acd16a-b0b6-459e-9fd8-5e6aa18a4a8d,Others respond six goal. Figure back purpose executive moment focus network. Risk expert can approach.,2023-07-29 08:25:37,569ab44e-5502-4bf6-aace-f0524adb2fc2,8db3c3d9-5e75-4be2-a286-5565352e807e
39acd16a-b0b6-459e-9fd8-5e6aa18a4a8d,Pm exist serious money today use. Concern whom house fast discover join. Room room feel professor TV.,2023-07-31 04:48:58,8db3c3d9-5e75-4be2-a286-5565352e807e,569ab44e-5502-4bf6-aace-f0524adb2fc2
39acd16a-b0b6-459e-9fd8-5e6aa18a4a8d,Whatever watch as kitchen pressure occur.,2023-08-01 18:22:43,8db3c3d9-5e75-4be2-a286-5565352e807e,569ab44e-5502-4bf6-aace-f0524adb2fc2
39acd16a-b0b6-459e-9fd8-5e6aa18a4a8d,Water price smile out recent by language. Better participant young television air.,2023-08-03 14:33:14,8db3c3d9-5e75-4be2-a286-5565352e807e,569ab44e-5502-4bf6-aace-f0524adb2fc2
39acd16a-b0b6-459e-9fd8-5e6aa18a4a8d,Pull little policy professional method than you. Develop people notice.,2023-08-01 01:20:38,569ab44e-5502-4bf6-aace-f0524adb2fc2,8db3c3d9-5e75-4be2-a286-5565352e807e
348d954a-dd4a-4a8b-83b3-3cea4655189b,Vote base any how we finally. Operation lose spring.,2023-07-28 02:22:42,cf65025a-8460-424a-835f-c71029d9497b,51ba5c70-9e4c-4142-bc85-dccad9df716f
348d954a-dd4a-4a8b-83b3-3cea4655189b,Beautiful during cause prepare give. Whom increase though first hair film open minute.,2023-07-31 10:00:06,cf65025a-8460-424a-835f-c71029d9497b,51ba5c70-9e4c-4142-bc85-dccad9df716f
348d954a-dd4a-4a8b-83b3-3cea4655189b,Standard half present high early. Law sister billion security not allow rate. Sort her training huge grow research mind.,2023-07-31 05:18:04,cf65025a-8460-424a-835f-c71029d9497b,51ba5c70-9e4c-4142-bc85-dccad9df716f
348d954a-dd4a-4a8b-83b3-3cea4655189b,Tough stop former indicate large.,2023-07-29 13:00:21,cf65025a-8460-424a-835f-c71029d9497b,51ba5c70-9e4c-4142-bc85-dccad9df716f
348d954a-dd4a-4a8b-83b3-3cea4655189b,Manage indicate buy research. Management newspaper develop bring quite husband.,2023-07-29 23:33:54,cf65025a-8460-424a-835f-c71029d9497b,51ba5c70-9e4c-4142-bc85-dccad9df716f
25e381d6-409d-442d-9385-38c8a11d777c,Amount firm trial mother range economy pay. Than produce general.,2023-08-01 17:05:47,eef36452-0376-46e0-bb5f-b1aa27bb3d30,cf65025a-8460-424a-835f-c71029d9497b
25e381d6-409d-442d-9385-38c8a11d777c,Top peace receive group. Bar never against.,2023-08-02 04:44:27,cf65025a-8460-424a-835f-c71029d9497b,eef36452-0376-46e0-bb5f-b1aa27bb3d30
25e381d6-409d-442d-9385-38c8a11d777c,Actually history recent campaign. Short everything fine level agree bill.,2023-07-27 23:13:08,eef36452-0376-46e0-bb5f-b1aa27bb3d30,cf65025a-8460-424a-835f-c71029d9497b
25e381d6-409d-442d-9385-38c8a11d777c,Best step last no to. Nothing large people likely. Nearly point institution dog ahead have.,2023-08-01 05:47:17,cf65025a-8460-424a-835f-c71029d9497b,eef36452-0376-46e0-bb5f-b1aa27bb3d30
25e381d6-409d-442d-9385-38c8a11d777c,Leader our general whatever trouble. During same clear forward know leg yourself set.,2023-08-03 12:16:10,cf65025a-8460-424a-835f-c71029d9497b,eef36452-0376-46e0-bb5f-b1aa27bb3d30
3dda2add-9449-4e95-9345-30a420e965bd,Decide who song court whose up possible.,2023-08-02 05:55:56,8b6f03c6-0752-4b71-828e-dc5534f97d07,cf65025a-8460-424a-835f-c71029d9497b
3dda2add-9449-4e95-9345-30a420e965bd,Art little work along help. Writer billion remember authority. Happy brother sound explain certain more character.,2023-07-31 13:01:52,8b6f03c6-0752-4b71-828e-dc5534f97d07,cf65025a-8460-424a-835f-c71029d9497b
3dda2add-9449-4e95-9345-30a420e965bd,Her recent letter baby card.,2023-08-01 03:53:14,8b6f03c6-0752-4b71-828e-dc5534f97d07,cf65025a-8460-424a-835f-c71029d9497b
3dda2add-9449-4e95-9345-30a420e965bd,That drive join among wonder he. Research magazine community them road water character. Reality notice for.,2023-07-28 01:29:45,8b6f03c6-0752-4b71-828e-dc5534f97d07,cf65025a-8460-424a-835f-c71029d9497b
3dda2add-9449-4e95-9345-30a420e965bd,Own defense clear American simple science sure.,2023-07-30 18:22:16,8b6f03c6-0752-4b71-828e-dc5534f97d07,cf65025a-8460-424a-835f-c71029d9497b
e7699bfe-ba26-4f4a-bb87-264e8351f41b,Worry fall property project must. Tree begin provide up design. Produce always lot quickly consider.,2023-07-30 20:21:38,8215068d-259e-41a7-8975-5ca163411da9,422d6cb3-b140-4e7c-9965-4404ef15d44a
e7699bfe-ba26-4f4a-bb87-264e8351f41b,Piece hold cover commercial herself respond particularly.,2023-07-31 11:18:44,8215068d-259e-41a7-8975-5ca163411da9,422d6cb3-b140-4e7c-9965-4404ef15d44a
e7699bfe-ba26-4f4a-bb87-264e8351f41b,Never increase himself. Position cultural study point minute.,2023-08-03 14:51:37,422d6cb3-b140-4e7c-9965-4404ef15d44a,8215068d-259e-41a7-8975-5ca163411da9
e7699bfe-ba26-4f4a-bb87-264e8351f41b,Six quite like everyone agree next use.,2023-07-29 03:45:07,422d6cb3-b140-4e7c-9965-4404ef15d44a,8215068d-259e-41a7-8975-5ca163411da9
e7699bfe-ba26-4f4a-bb87-264e8351f41b,Mouth if anyone.,2023-07-28 14:26:50,422d6cb3-b140-4e7c-9965-4404ef15d44a,8215068d-259e-41a7-8975-5ca163411da9
bf666367-112d-48be-bdec-3f8cf8a1019a,Statement hit radio itself beyond.,2023-08-02 06:02:23,8215068d-259e-41a7-8975-5ca163411da9,adf3c75f-5653-4fe7-af17-5f932438b6b1
bf666367-112d-48be-bdec-3f8cf8a1019a,Job loss near final them. Score so why special network. During from imagine although.,2023-08-02 01:55:04,adf3c75f-5653-4fe7-af17-5f932438b6b1,8215068d-259e-41a7-8975-5ca163411da9
bf666367-112d-48be-bdec-3f8cf8a1019a,Maintain page involve ability too.,2023-07-28 09:08:38,adf3c75f-5653-4fe7-af17-5f932438b6b1,8215068d-259e-41a7-8975-5ca163411da9
bf666367-112d-48be-bdec-3f8cf8a1019a,Trial white miss without ask Republican accept although. Just gas term ball world.,2023-07-29 10:32:35,8215068d-259e-41a7-8975-5ca163411da9,adf3c75f-5653-4fe7-af17-5f932438b6b1
bf666367-112d-48be-bdec-3f8cf8a1019a,Represent movement hard game bit clearly. Seat program boy think rise.,2023-08-01 05:59:58,8215068d-259e-41a7-8975-5ca163411da9,adf3c75f-5653-4fe7-af17-5f932438b6b1
2e57694b-5145-4678-930a-61711ca03d98,Decide indeed join democratic spring entire art. Father wife minute. Impact similar action put year.,2023-07-28 13:23:43,8215068d-259e-41a7-8975-5ca163411da9,d974ff45-4b4c-4be5-8b6b-043d77a57cc6
2e57694b-5145-4678-930a-61711ca03d98,Should live their cup try agent. Outside player power a. Drive as project ground.,2023-08-02 19:23:26,8215068d-259e-41a7-8975-5ca163411da9,d974ff45-4b4c-4be5-8b6b-043d77a57cc6
2e57694b-5145-4678-930a-61711ca03d98,Serve organization land stock identify social former. Card to account option for. Too short fear join that.,2023-07-30 17:21:27,d974ff45-4b4c-4be5-8b6b-043d77a57cc6,8215068d-259e-41a7-8975-5ca163411da9
2e57694b-5145-4678-930a-61711ca03d98,Today suggest identify. Business need his.,2023-07-31 18:08:29,8215068d-259e-41a7-8975-5ca163411da9,d974ff45-4b4c-4be5-8b6b-043d77a57cc6
2e57694b-5145-4678-930a-61711ca03d98,Church wind model involve myself. Mouth establish assume.,2023-07-30 13:21:09,8215068d-259e-41a7-8975-5ca163411da9,d974ff45-4b4c-4be5-8b6b-043d77a57cc6
1b34ea01-52a0-42da-bf5f-c9e3c3d52a38,Town director sea bit nor they from. See generation culture wall. Relationship network middle show.,2023-07-30 03:35:54,74ced26f-7aa9-4142-ae1a-35c8db753b16,5c6da620-b4d2-4d77-8947-d10b9526bfb3
1b34ea01-52a0-42da-bf5f-c9e3c3d52a38,Section specific project save bit. Food staff agency young I if.,2023-08-02 12:42:12,74ced26f-7aa9-4142-ae1a-35c8db753b16,5c6da620-b4d2-4d77-8947-d10b9526bfb3
1b34ea01-52a0-42da-bf5f-c9e3c3d52a38,Without design service. Wear history heavy it back last. Quite work save seek.,2023-07-28 08:07:38,74ced26f-7aa9-4142-ae1a-35c8db753b16,5c6da620-b4d2-4d77-8947-d10b9526bfb3
1b34ea01-52a0-42da-bf5f-c9e3c3d52a38,Difficult teach impact send soon type.,2023-08-02 16:40:13,5c6da620-b4d2-4d77-8947-d10b9526bfb3,74ced26f-7aa9-4142-ae1a-35c8db753b16
1b34ea01-52a0-42da-bf5f-c9e3c3d52a38,Way make can compare image those. Wall yeah them wrong. Language itself might enough.,2023-07-28 00:00:20,5c6da620-b4d2-4d77-8947-d10b9526bfb3,74ced26f-7aa9-4142-ae1a-35c8db753b16
2992e296-24c6-4b5f-b210-0924c5398df7,Night open father recently professor happen.,2023-07-30 07:15:55,291af8bd-6b88-4956-8a7e-9def0f640f6d,167d4984-eecc-4ff4-a01c-96a9fea71a0e
2992e296-24c6-4b5f-b210-0924c5398df7,Argue view range large.,2023-07-31 15:02:14,291af8bd-6b88-4956-8a7e-9def0f640f6d,167d4984-eecc-4ff4-a01c-96a9fea71a0e
2992e296-24c6-4b5f-b210-0924c5398df7,Study many walk to bar door hard soldier.,2023-07-28 03:00:23,167d4984-eecc-4ff4-a01c-96a9fea71a0e,291af8bd-6b88-4956-8a7e-9def0f640f6d
2992e296-24c6-4b5f-b210-0924c5398df7,Help force year trial speech air. Drive worker report no have no hear. My money we play.,2023-08-03 07:57:00,167d4984-eecc-4ff4-a01c-96a9fea71a0e,291af8bd-6b88-4956-8a7e-9def0f640f6d
2992e296-24c6-4b5f-b210-0924c5398df7,Network attorney chance close ask result. Early by rest any however spring idea. Leg sound name.,2023-08-02 17:28:52,291af8bd-6b88-4956-8a7e-9def0f640f6d,167d4984-eecc-4ff4-a01c-96a9fea71a0e
e3eede12-468a-44a0-86c6-4be29915e4d8,Matter various room beat marriage. Type statement safe ever bar do exist.,2023-07-30 22:35:41,bafa23e1-718d-441b-beb4-3001bf638004,9cbaaf8f-a402-44db-b91a-d961f7ac653e
e3eede12-468a-44a0-86c6-4be29915e4d8,Community of pressure fall strategy company push born. Sell cut positive get head today relate surface. Push assume account ground into.,2023-08-03 02:12:10,bafa23e1-718d-441b-beb4-3001bf638004,9cbaaf8f-a402-44db-b91a-d961f7ac653e
e3eede12-468a-44a0-86c6-4be29915e4d8,Its able baby relationship art TV. Green order music foreign. Identify represent Mr.,2023-07-30 14:34:17,9cbaaf8f-a402-44db-b91a-d961f7ac653e,bafa23e1-718d-441b-beb4-3001bf638004
e3eede12-468a-44a0-86c6-4be29915e4d8,Factor tend hair such effect effort that must. She local camera of leave type.,2023-07-31 04:28:56,9cbaaf8f-a402-44db-b91a-d961f7ac653e,bafa23e1-718d-441b-beb4-3001bf638004
e3eede12-468a-44a0-86c6-4be29915e4d8,Eat whatever same add.,2023-07-30 11:32:09,9cbaaf8f-a402-44db-b91a-d961f7ac653e,bafa23e1-718d-441b-beb4-3001bf638004
b2952d14-0260-40f9-8b2e-3a7a528b95da,Food song strategy deep same cell eight. She social most two with media coach.,2023-07-30 18:25:16,9cbaaf8f-a402-44db-b91a-d961f7ac653e,6bfba2f1-f62d-4bc7-8a85-18b59fbb2569
b2952d14-0260-40f9-8b2e-3a7a528b95da,Represent season serve message success rich center. First defense property history modern term movement. Political idea remain fine.,2023-07-31 03:30:42,9cbaaf8f-a402-44db-b91a-d961f7ac653e,6bfba2f1-f62d-4bc7-8a85-18b59fbb2569
b2952d14-0260-40f9-8b2e-3a7a528b95da,Apply community simple individual. Product level officer fight. Argue politics wait win yard large cause.,2023-08-01 10:02:01,6bfba2f1-f62d-4bc7-8a85-18b59fbb2569,9cbaaf8f-a402-44db-b91a-d961f7ac653e
b2952d14-0260-40f9-8b2e-3a7a528b95da,Tv successful these law none table push. Cold especially wide true crime give ok. Ago board pull white end significant would.,2023-08-03 10:28:04,6bfba2f1-f62d-4bc7-8a85-18b59fbb2569,9cbaaf8f-a402-44db-b91a-d961f7ac653e
b2952d14-0260-40f9-8b2e-3a7a528b95da,Relationship head apply best small five dog practice. Including campaign member us weight difficult. Free blood very policy item.,2023-08-02 15:54:53,6bfba2f1-f62d-4bc7-8a85-18b59fbb2569,9cbaaf8f-a402-44db-b91a-d961f7ac653e
ae5b020b-5199-46f5-82f2-06bb2e4bcda1,Fund little law evidence behind prove music likely. Authority lay appear produce analysis.,2023-08-03 03:18:58,9cbaaf8f-a402-44db-b91a-d961f7ac653e,8215068d-259e-41a7-8975-5ca163411da9
ae5b020b-5199-46f5-82f2-06bb2e4bcda1,Spring organization consumer by. I onto possible decade impact travel event.,2023-07-28 00:25:57,9cbaaf8f-a402-44db-b91a-d961f7ac653e,8215068d-259e-41a7-8975-5ca163411da9
ae5b020b-5199-46f5-82f2-06bb2e4bcda1,Question like any through nearly like. Business nor anything somebody.,2023-07-28 20:51:27,9cbaaf8f-a402-44db-b91a-d961f7ac653e,8215068d-259e-41a7-8975-5ca163411da9
ae5b020b-5199-46f5-82f2-06bb2e4bcda1,About game receive help player school. Stand single fight home indicate reach.,2023-07-29 21:19:28,8215068d-259e-41a7-8975-5ca163411da9,9cbaaf8f-a402-44db-b91a-d961f7ac653e
ae5b020b-5199-46f5-82f2-06bb2e4bcda1,Loss cultural suddenly.,2023-07-28 22:18:06,9cbaaf8f-a402-44db-b91a-d961f7ac653e,8215068d-259e-41a7-8975-5ca163411da9
c7dddcc5-5eac-4999-9e12-8405045a6054,Fund fear family share anyone yard high. Around Congress they party despite. Outside explain five tax.,2023-07-28 02:29:35,a816f7c5-cc68-454b-9da3-cbf1a062d760,a16679f5-788c-4ad9-aa9b-d53304e8120b
c7dddcc5-5eac-4999-9e12-8405045a6054,Clearly begin skill truth easy anything student picture.,2023-08-01 23:53:20,a16679f5-788c-4ad9-aa9b-d53304e8120b,a816f7c5-cc68-454b-9da3-cbf1a062d760
c7dddcc5-5eac-4999-9e12-8405045a6054,Budget street success few believe.,2023-08-02 19:19:32,a816f7c5-cc68-454b-9da3-cbf1a062d760,a16679f5-788c-4ad9-aa9b-d53304e8120b
c7dddcc5-5eac-4999-9e12-8405045a6054,Activity well no. Deal film begin save season experience.,2023-07-28 12:48:08,a16679f5-788c-4ad9-aa9b-d53304e8120b,a816f7c5-cc68-454b-9da3-cbf1a062d760
c7dddcc5-5eac-4999-9e12-8405045a6054,Expert than difference push before population nearly skin. Listen fine easy federal. On truth understand southern artist rather.,2023-07-30 11:35:06,a16679f5-788c-4ad9-aa9b-d53304e8120b,a816f7c5-cc68-454b-9da3-cbf1a062d760
df2af83f-d4da-402d-a087-782f39da7668,Without force modern hour. Step film international system story news. Near popular return control.,2023-08-01 04:22:17,eed5c80e-40b1-46e4-9fb7-37021ce21e12,adf3c75f-5653-4fe7-af17-5f932438b6b1
df2af83f-d4da-402d-a087-782f39da7668,Serious rise very hard five each. He finish many heart high this family win. Method soon stand court medical actually performance.,2023-08-02 16:31:17,adf3c75f-5653-4fe7-af17-5f932438b6b1,eed5c80e-40b1-46e4-9fb7-37021ce21e12
df2af83f-d4da-402d-a087-782f39da7668,Meet region thing spend certain central land billion. There election happen decision option out product. Idea job management hundred data life very.,2023-07-28 06:07:47,eed5c80e-40b1-46e4-9fb7-37021ce21e12,adf3c75f-5653-4fe7-af17-5f932438b6b1
df2af83f-d4da-402d-a087-782f39da7668,Modern sign research will rich. Significant majority themselves American impact involve small turn. Station either figure eat hair.,2023-07-29 21:46:30,eed5c80e-40b1-46e4-9fb7-37021ce21e12,adf3c75f-5653-4fe7-af17-5f932438b6b1
df2af83f-d4da-402d-a087-782f39da7668,Federal feeling career door might expect.,2023-07-28 06:54:19,eed5c80e-40b1-46e4-9fb7-37021ce21e12,adf3c75f-5653-4fe7-af17-5f932438b6b1
0ef583a0-e96e-4f5f-ae44-e48eecedfca4,Less store man include. Two peace show study business let. Which interest perform.,2023-07-28 14:40:10,eed5c80e-40b1-46e4-9fb7-37021ce21e12,9e2c6399-27c2-4350-b9f0-17b3f35b7d92
0ef583a0-e96e-4f5f-ae44-e48eecedfca4,President national eat property hot. Cost rest practice mission.,2023-07-31 02:14:51,9e2c6399-27c2-4350-b9f0-17b3f35b7d92,eed5c80e-40b1-46e4-9fb7-37021ce21e12
0ef583a0-e96e-4f5f-ae44-e48eecedfca4,Own man suffer. Rock character mission.,2023-07-28 09:55:05,eed5c80e-40b1-46e4-9fb7-37021ce21e12,9e2c6399-27c2-4350-b9f0-17b3f35b7d92
0ef583a0-e96e-4f5f-ae44-e48eecedfca4,Guess hit defense tough.,2023-08-03 00:18:12,eed5c80e-40b1-46e4-9fb7-37021ce21e12,9e2c6399-27c2-4350-b9f0-17b3f35b7d92
0ef583a0-e96e-4f5f-ae44-e48eecedfca4,Then once because. Country good cover economic maintain. Analysis buy anything how middle.,2023-07-28 15:32:31,eed5c80e-40b1-46e4-9fb7-37021ce21e12,9e2c6399-27c2-4350-b9f0-17b3f35b7d92
864b5721-7093-4eb0-92e9-494b574776e2,Series onto nature. Building shake success money thought.,2023-07-29 22:24:14,eed5c80e-40b1-46e4-9fb7-37021ce21e12,c513a3cb-73e8-450d-93ac-5c3b6a09993a
864b5721-7093-4eb0-92e9-494b574776e2,Believe soldier international give glass occur understand. Republican performance itself building direction.,2023-07-29 05:08:17,eed5c80e-40b1-46e4-9fb7-37021ce21e12,c513a3cb-73e8-450d-93ac-5c3b6a09993a
864b5721-7093-4eb0-92e9-494b574776e2,Opportunity floor city professional make our turn. Perhaps defense family surface late out will how. Black from up hold.,2023-08-01 17:26:53,eed5c80e-40b1-46e4-9fb7-37021ce21e12,c513a3cb-73e8-450d-93ac-5c3b6a09993a
864b5721-7093-4eb0-92e9-494b574776e2,Yourself sort another focus arm.,2023-08-02 03:16:15,eed5c80e-40b1-46e4-9fb7-37021ce21e12,c513a3cb-73e8-450d-93ac-5c3b6a09993a
864b5721-7093-4eb0-92e9-494b574776e2,Well get interest pass step here. Political issue from thus base.,2023-07-27 18:34:27,c513a3cb-73e8-450d-93ac-5c3b6a09993a,eed5c80e-40b1-46e4-9fb7-37021ce21e12
b3b0ab9c-3b8a-42b4-9195-24810a149cf8,Tv common unit concern both indicate according.,2023-08-03 02:40:02,0c951c86-5b0e-46de-9ead-fe5b19ec2ff3,c53f8889-4c5c-4db2-aae2-c280f77a5ad9
b3b0ab9c-3b8a-42b4-9195-24810a149cf8,Boy world shake music poor wear style. Somebody right though newspaper wish. Early dinner seek admit.,2023-07-31 01:00:59,0c951c86-5b0e-46de-9ead-fe5b19ec2ff3,c53f8889-4c5c-4db2-aae2-c280f77a5ad9
b3b0ab9c-3b8a-42b4-9195-24810a149cf8,Car everything still great available culture fast. Itself politics paper bill region support. Investment weight at before star simple.,2023-08-03 10:44:40,c53f8889-4c5c-4db2-aae2-c280f77a5ad9,0c951c86-5b0e-46de-9ead-fe5b19ec2ff3
b3b0ab9c-3b8a-42b4-9195-24810a149cf8,These return that down want. Value parent watch analysis.,2023-07-30 18:58:35,c53f8889-4c5c-4db2-aae2-c280f77a5ad9,0c951c86-5b0e-46de-9ead-fe5b19ec2ff3
b3b0ab9c-3b8a-42b4-9195-24810a149cf8,Science policy person consumer. Great technology nation consumer guess moment though.,2023-07-31 14:18:57,0c951c86-5b0e-46de-9ead-fe5b19ec2ff3,c53f8889-4c5c-4db2-aae2-c280f77a5ad9
93cb12cb-a480-4d79-b4f3-ac693092e97f,Line beautiful reduce available hour. About happen party wait crime hold.,2023-07-29 15:38:15,6bfba2f1-f62d-4bc7-8a85-18b59fbb2569,c53f8889-4c5c-4db2-aae2-c280f77a5ad9
93cb12cb-a480-4d79-b4f3-ac693092e97f,My number several whole feeling later reach.,2023-08-02 22:26:03,c53f8889-4c5c-4db2-aae2-c280f77a5ad9,6bfba2f1-f62d-4bc7-8a85-18b59fbb2569
93cb12cb-a480-4d79-b4f3-ac693092e97f,Center crime like quickly. Across themselves cold candidate draw try.,2023-08-03 13:57:25,6bfba2f1-f62d-4bc7-8a85-18b59fbb2569,c53f8889-4c5c-4db2-aae2-c280f77a5ad9
93cb12cb-a480-4d79-b4f3-ac693092e97f,Congress million front investment theory. Figure guess majority send far next room oil. Common son Republican prepare remember former issue.,2023-08-03 04:41:37,6bfba2f1-f62d-4bc7-8a85-18b59fbb2569,c53f8889-4c5c-4db2-aae2-c280f77a5ad9
93cb12cb-a480-4d79-b4f3-ac693092e97f,Look idea institution account member this speech.,2023-08-03 01:58:38,6bfba2f1-f62d-4bc7-8a85-18b59fbb2569,c53f8889-4c5c-4db2-aae2-c280f77a5ad9
043f627c-0c4b-4120-8818-ea86ec8a3f59,Traditional pull never middle article maybe structure.,2023-07-30 04:29:12,167d4984-eecc-4ff4-a01c-96a9fea71a0e,cf65025a-8460-424a-835f-c71029d9497b
043f627c-0c4b-4120-8818-ea86ec8a3f59,Should life recently money research.,2023-08-02 20:15:38,167d4984-eecc-4ff4-a01c-96a9fea71a0e,cf65025a-8460-424a-835f-c71029d9497b
043f627c-0c4b-4120-8818-ea86ec8a3f59,Administration wonder yard create glass. Cup white never nice girl before.,2023-07-29 15:22:39,167d4984-eecc-4ff4-a01c-96a9fea71a0e,cf65025a-8460-424a-835f-c71029d9497b
043f627c-0c4b-4120-8818-ea86ec8a3f59,Child girl recent traditional house. Deep moment or firm wait those.,2023-08-03 00:31:03,cf65025a-8460-424a-835f-c71029d9497b,167d4984-eecc-4ff4-a01c-96a9fea71a0e
043f627c-0c4b-4120-8818-ea86ec8a3f59,Seat explain already much. There no should magazine mother scientist campaign. Air teacher argue smile rate politics.,2023-08-03 01:42:52,cf65025a-8460-424a-835f-c71029d9497b,167d4984-eecc-4ff4-a01c-96a9fea71a0e
78432002-f2e7-4fcf-86f3-48b36082079a,Along his single practice very themselves again. Visit approach travel trial movie situation. Tend grow senior.,2023-07-28 21:00:41,65f697f9-00ec-4308-9749-776d4a685602,7e5decad-9308-4a5f-8c68-9d285733330a
78432002-f2e7-4fcf-86f3-48b36082079a,Seem discover trouble happen sort. Charge class pay end major always the. Fall lawyer agent base avoid president.,2023-07-30 14:41:33,65f697f9-00ec-4308-9749-776d4a685602,7e5decad-9308-4a5f-8c68-9d285733330a
78432002-f2e7-4fcf-86f3-48b36082079a,According offer month group player third part. Magazine test season.,2023-07-31 19:31:32,7e5decad-9308-4a5f-8c68-9d285733330a,65f697f9-00ec-4308-9749-776d4a685602
78432002-f2e7-4fcf-86f3-48b36082079a,Letter want street shoulder.,2023-07-28 15:00:43,65f697f9-00ec-4308-9749-776d4a685602,7e5decad-9308-4a5f-8c68-9d285733330a
78432002-f2e7-4fcf-86f3-48b36082079a,Treatment against now mission see piece crime. Such Congress since hair off.,2023-07-30 20:20:45,7e5decad-9308-4a5f-8c68-9d285733330a,65f697f9-00ec-4308-9749-776d4a685602
7fd6998c-94ce-46f9-b16a-a56200d522bd,Use industry question court minute behind. Young show perform decide north. Fish sure claim.,2023-07-30 16:12:35,b07f8d33-08f7-485d-9d0d-c479ab182009,22a84dbc-45fb-4391-9775-ea86fb018a38
7fd6998c-94ce-46f9-b16a-a56200d522bd,Manager decide life character everything song thousand. Performance international particularly accept opportunity growth.,2023-07-29 23:30:30,b07f8d33-08f7-485d-9d0d-c479ab182009,22a84dbc-45fb-4391-9775-ea86fb018a38
7fd6998c-94ce-46f9-b16a-a56200d522bd,Floor spend expert sometimes. Beyond rise experience discover law true impact. Serious identify contain natural.,2023-07-29 12:08:41,b07f8d33-08f7-485d-9d0d-c479ab182009,22a84dbc-45fb-4391-9775-ea86fb018a38
7fd6998c-94ce-46f9-b16a-a56200d522bd,Treatment be take defense seem. Campaign take any memory.,2023-08-03 10:31:23,b07f8d33-08f7-485d-9d0d-c479ab182009,22a84dbc-45fb-4391-9775-ea86fb018a38
7fd6998c-94ce-46f9-b16a-a56200d522bd,Reality southern difficult. Specific family son according possible Mrs.,2023-07-28 05:12:52,22a84dbc-45fb-4391-9775-ea86fb018a38,b07f8d33-08f7-485d-9d0d-c479ab182009
717e15cb-c332-48b6-981c-3b15475f68de,Author front than wish wall personal gas. Street respond recently candidate. Everyone current plant apply.,2023-07-28 04:29:04,d6fb7932-f7fb-4ec4-939c-71d4e88f8551,b07f8d33-08f7-485d-9d0d-c479ab182009
717e15cb-c332-48b6-981c-3b15475f68de,Sport away require young. Must know new position expect.,2023-08-01 10:16:20,d6fb7932-f7fb-4ec4-939c-71d4e88f8551,b07f8d33-08f7-485d-9d0d-c479ab182009
717e15cb-c332-48b6-981c-3b15475f68de,This probably impact.,2023-08-01 16:55:12,b07f8d33-08f7-485d-9d0d-c479ab182009,d6fb7932-f7fb-4ec4-939c-71d4e88f8551
717e15cb-c332-48b6-981c-3b15475f68de,Item kind project ahead whom. Themselves strong reason generation husband.,2023-07-28 04:00:46,b07f8d33-08f7-485d-9d0d-c479ab182009,d6fb7932-f7fb-4ec4-939c-71d4e88f8551
717e15cb-c332-48b6-981c-3b15475f68de,Each car name. Get history employee scientist some since sister your. State week lawyer community effect task admit.,2023-07-29 18:51:51,d6fb7932-f7fb-4ec4-939c-71d4e88f8551,b07f8d33-08f7-485d-9d0d-c479ab182009
6f0bd413-d468-4e3f-88f9-d0570d7f4ea8,Dog exist page relationship out turn building.,2023-07-31 15:15:27,b773d9b6-95a0-4b47-ae1d-a698b6bb6aba,a816f7c5-cc68-454b-9da3-cbf1a062d760
6f0bd413-d468-4e3f-88f9-d0570d7f4ea8,Nor blood alone serious stop finish education. Hand produce develop whole south base talk follow.,2023-07-28 16:57:34,a816f7c5-cc68-454b-9da3-cbf1a062d760,b773d9b6-95a0-4b47-ae1d-a698b6bb6aba
6f0bd413-d468-4e3f-88f9-d0570d7f4ea8,Method despite or carry traditional visit. Sing offer down spring. Million or worry officer near someone.,2023-07-28 15:56:37,a816f7c5-cc68-454b-9da3-cbf1a062d760,b773d9b6-95a0-4b47-ae1d-a698b6bb6aba
6f0bd413-d468-4e3f-88f9-d0570d7f4ea8,To suddenly close act. Girl growth letter white. Finish worry build capital almost past.,2023-07-28 07:01:25,b773d9b6-95a0-4b47-ae1d-a698b6bb6aba,a816f7c5-cc68-454b-9da3-cbf1a062d760
6f0bd413-d468-4e3f-88f9-d0570d7f4ea8,Two practice natural. Perhaps keep first while material.,2023-07-30 20:34:00,b773d9b6-95a0-4b47-ae1d-a698b6bb6aba,a816f7c5-cc68-454b-9da3-cbf1a062d760
cded0131-4090-4fe6-b081-c4e34484df7b,Sing one stock.,2023-07-31 17:13:03,aa0d5745-c9cf-491a-a267-95a17da4c971,f3b15738-a986-402a-95f0-d436067314e3
cded0131-4090-4fe6-b081-c4e34484df7b,Course room baby effort effect outside whatever. Responsibility fast employee finish. Safe least past few and.,2023-07-28 18:26:46,f3b15738-a986-402a-95f0-d436067314e3,aa0d5745-c9cf-491a-a267-95a17da4c971
cded0131-4090-4fe6-b081-c4e34484df7b,Heavy husband another college detail personal employee serve. Sell teach discuss song think. High class threat environmental without into.,2023-07-29 13:45:06,aa0d5745-c9cf-491a-a267-95a17da4c971,f3b15738-a986-402a-95f0-d436067314e3
cded0131-4090-4fe6-b081-c4e34484df7b,These set young less body. Leg major send rate. Culture own administration bad though radio suffer.,2023-07-30 19:15:45,f3b15738-a986-402a-95f0-d436067314e3,aa0d5745-c9cf-491a-a267-95a17da4c971
cded0131-4090-4fe6-b081-c4e34484df7b,Maintain region expert property skin. Today available box body another black sometimes. Investment life idea strong power across left.,2023-08-02 09:56:42,aa0d5745-c9cf-491a-a267-95a17da4c971,f3b15738-a986-402a-95f0-d436067314e3
925496bf-2d45-450a-bd85-5c1390f2289e,List white total special century. Work feel professor top.,2023-07-27 19:46:21,aa0d5745-c9cf-491a-a267-95a17da4c971,6fc23e36-ac60-420d-9d68-6f813d271ccc
925496bf-2d45-450a-bd85-5c1390f2289e,Garden land provide any generation. Beat particularly outside newspaper rather. Could know generation through represent.,2023-08-01 14:41:31,aa0d5745-c9cf-491a-a267-95a17da4c971,6fc23e36-ac60-420d-9d68-6f813d271ccc
925496bf-2d45-450a-bd85-5c1390f2289e,So pattern car maintain activity.,2023-07-30 03:13:25,6fc23e36-ac60-420d-9d68-6f813d271ccc,aa0d5745-c9cf-491a-a267-95a17da4c971
925496bf-2d45-450a-bd85-5c1390f2289e,Trial kid itself doctor exactly. Step require name team operation.,2023-07-28 16:35:12,6fc23e36-ac60-420d-9d68-6f813d271ccc,aa0d5745-c9cf-491a-a267-95a17da4c971
925496bf-2d45-450a-bd85-5c1390f2289e,Like according special board. Build front trouble affect history human.,2023-08-02 19:34:19,6fc23e36-ac60-420d-9d68-6f813d271ccc,aa0d5745-c9cf-491a-a267-95a17da4c971
01bcff48-82b6-4ceb-a914-099fd4f419f5,Notice statement learn exist two. Can identify discuss.,2023-07-29 16:17:38,df39bed2-d876-4de3-b524-07f8bb39bcf7,aa0d5745-c9cf-491a-a267-95a17da4c971
01bcff48-82b6-4ceb-a914-099fd4f419f5,Year front debate bit read thus.,2023-08-01 09:19:43,aa0d5745-c9cf-491a-a267-95a17da4c971,df39bed2-d876-4de3-b524-07f8bb39bcf7
01bcff48-82b6-4ceb-a914-099fd4f419f5,Successful at south write debate research past.,2023-08-01 01:19:11,aa0d5745-c9cf-491a-a267-95a17da4c971,df39bed2-d876-4de3-b524-07f8bb39bcf7
01bcff48-82b6-4ceb-a914-099fd4f419f5,Best now follow central artist. Chair in later. We maybe statement past each.,2023-07-31 13:40:23,aa0d5745-c9cf-491a-a267-95a17da4c971,df39bed2-d876-4de3-b524-07f8bb39bcf7
01bcff48-82b6-4ceb-a914-099fd4f419f5,Security space keep one ago senior run range. Type anything throughout soldier message middle benefit idea. Thing line support senior land.,2023-07-31 15:47:51,aa0d5745-c9cf-491a-a267-95a17da4c971,df39bed2-d876-4de3-b524-07f8bb39bcf7
