event_id,activity_id,initiated_by,location,min_age,max_age,pref_gender,description,is_open,initiated_on
dcf90d98-427e-4e6b-ad3d-98e1287d1d04,22fedf3b-6e5f-48e6-84fa-f3f4ea48ae34,7e5decad-9308-4a5f-8c68-9d285733330a,"(52.63822855036264, 13.638260338802388)",30,30,female,Appear different both relate know.,True,2023-07-28 11:31:09
aae2c9fe-f5eb-476f-9044-cdd73347e14f,22fedf3b-6e5f-48e6-84fa-f3f4ea48ae34,eef36452-0376-46e0-bb5f-b1aa27bb3d30,"(52.53624328377046, 13.441691805153324)",33,42,male,Green both result he that data expert leave. Senior born method. Fact nothing present measure base remain sort our.,True,2023-07-31 20:05:31
3600f1da-605c-4dc9-9a7e-ad223b6e68db,be4a3a09-6134-4c2e-88ce-471fadaf9e3d,bafa23e1-718d-441b-beb4-3001bf638004,"(52.61378113389645, 13.322342147532336)",21,21,"other, male",Certain smile wrong skin determine. Land single treat another nature knowledge able necessary. Both bill seat interview happy.,False,2023-07-27 21:07:33
4c158d52-48fa-48ab-ab50-5fd9038943be,22fedf3b-6e5f-48e6-84fa-f3f4ea48ae34,c53f8889-4c5c-4db2-aae2-c280f77a5ad9,"(52.46322299194439, 13.034693785696497)",29,34,female,Public network wish draw method benefit early.,False,2023-08-02 05:23:11
42176e07-12c0-42ce-83d6-dcc6c9088f87,22fedf3b-6e5f-48e6-84fa-f3f4ea48ae34,f1f7352d-c0e3-46b5-b523-c3e6626d9cfb,"(52.40231966496557, 13.503222202223416)",30,35,"male, female",Kitchen race once owner. Head response large economic.,True,2023-07-30 14:21:37
436c78ca-ffb0-4a2d-8fcc-305f26191c29,abdbbcb4-72ed-45da-ac9f-6e72cb656522,ae160dd1-2134-4f51-a7f2-da9ff23e5c18,"(52.391996650831835, 13.514689073550489)",23,37,"female, female",Because seem ok expert rate. Sit world more.,True,2023-07-28 14:33:04
e78c68c6-9846-4b6a-adfd-d9e67728b1dd,be4a3a09-6134-4c2e-88ce-471fadaf9e3d,05432079-b358-4aa3-9293-f6a86280027c,"(52.48544157499109, 13.495762650626986)",30,32,"other, other",May five generation stop quickly.,True,2023-07-28 08:07:57
61af5b7d-4376-4542-a6ad-040e51bcab7c,be4a3a09-6134-4c2e-88ce-471fadaf9e3d,661eec09-3feb-4d61-ad4a-d01e0d5c85ba,"(52.407318827149396, 13.726352515503098)",26,43,male,Trip see difficult some piece. Discussion value oil process cell.,False,2023-07-30 07:38:51
69c6446a-ffdc-4134-85b8-4f579b2a5b79,5f6a0e17-dad5-46ce-b314-74e2117a8476,c53f8889-4c5c-4db2-aae2-c280f77a5ad9,"(52.504830168562165, 13.637492590140878)",20,20,male,Tell model want individual. We analysis the debate bad just. Company real effect.,True,2023-07-30 21:18:45
63854416-d841-497d-9500-975bc0689eda,5f6a0e17-dad5-46ce-b314-74e2117a8476,7be0702e-387a-46a4-a661-ccc61bbfebbd,"(52.55445308972989, 13.28380646268097)",29,49,"female, other, other",Offer college record purpose senior. Note use always fast show environment many.,True,2023-07-28 02:16:13
64a8c551-610b-4b69-bbad-2b6e7617d06c,5f6a0e17-dad5-46ce-b314-74e2117a8476,7a892c5c-cd1c-4835-abda-533f16e19467,"(52.660539149393266, 13.458576926420088)",30,38,female,Stock woman protect.,True,2023-07-31 00:19:03
327eeb1f-d7be-451c-9bf1-636770bccbe8,be4a3a09-6134-4c2e-88ce-471fadaf9e3d,435752d3-e873-4b60-ac66-7761f03fdfb5,"(52.4921177284929, 13.276368004297124)",22,47,"other, male",Experience director southern tonight report my. Off half its lawyer analysis stock.,True,2023-07-28 08:17:26
4055d38d-1724-4bf0-9c59-53776a806d66,22fedf3b-6e5f-48e6-84fa-f3f4ea48ae34,d99a1515-aa82-4f92-b122-fca8a6c76b04,"(52.43007940312034, 13.714981436325157)",26,36,"female, male, female",Away main week skin know next yourself. Whether item place alone majority treat simple.,False,2023-07-30 03:14:57
fe1e0929-b451-461a-a9c1-faafb34f1f0c,94e40f6b-6655-48a3-b049-c3a0b0bb53a4,0c951c86-5b0e-46de-9ead-fe5b19ec2ff3,"(52.50666518226162, 13.67124805655293)",19,28,"female, other, male",Would man art.,True,2023-07-29 00:19:02
ba7589e6-99ce-4c13-a85c-e93662046f8d,be4a3a09-6134-4c2e-88ce-471fadaf9e3d,adf3c75f-5653-4fe7-af17-5f932438b6b1,"(52.44467769960895, 13.696070149149588)",33,40,"female, female, female",Cut section public quickly budget.,False,2023-07-28 01:08:41
c91dc402-ce9c-422b-8927-007c9c1d37ae,94e40f6b-6655-48a3-b049-c3a0b0bb53a4,51ba5c70-9e4c-4142-bc85-dccad9df716f,"(52.47957616279125, 13.534970949419675)",20,45,"female, female",Alone financial start hundred call factor do. Apply relationship hot commercial Mr know. Tree raise TV leave final ask career edge.,False,2023-08-01 11:20:04
566eb969-4e66-4e00-a385-2e4c87523f8f,abdbbcb4-72ed-45da-ac9f-6e72cb656522,040707e8-06c4-4c10-b169-087152422323,"(52.57384961439593, 13.54320160204032)",27,28,"other, other",Attorney threat present ok speak. Push student six necessary cell resource book.,True,2023-07-28 16:04:15
9b8ece4c-686a-48ac-b90b-0553eea7dd35,22fedf3b-6e5f-48e6-84fa-f3f4ea48ae34,8db3c3d9-5e75-4be2-a286-5565352e807e,"(52.450403021998746, 13.35836264288546)",24,35,"female, male, other",Range country teacher represent while. Finally right over report. Phone close prevent model rate mouth able.,True,2023-08-02 11:08:07
ee49e6f7-a530-4706-be4a-ccadae946308,5f6a0e17-dad5-46ce-b314-74e2117a8476,8e71247a-28a5-423a-9e76-5a8cf87432f4,"(52.49553716914807, 13.672058416238176)",19,29,female,Adult training leader attack now central reveal. Food station finally film. Teacher force attention subject.,True,2023-07-28 23:52:36
b2b54748-619c-42b2-8c6a-1df09ff817d7,9509a8e5-8d41-4638-bedc-c0c92138640e,e849ece6-3e21-4801-a580-a9db927997e6,"(52.442927428854006, 13.078916390149296)",20,29,"other, male, male",Realize through sit part believe air state. Play small only we individual unit case.,True,2023-08-02 08:16:01
011682c1-3c8a-4275-bcf5-ca8a46a7245c,5f6a0e17-dad5-46ce-b314-74e2117a8476,d6c2f38c-748e-4a67-b6f2-f3c5b5717d41,"(52.53933471915276, 13.290822313686654)",29,40,"male, male, other",Recently while brother game six. Provide decision guess mind line ok board.,False,2023-08-02 00:30:35
7ceaab29-2962-4469-8b68-a296f33564b5,94e40f6b-6655-48a3-b049-c3a0b0bb53a4,e1c2f44a-62ca-479b-988b-39afa77d9c25,"(52.412495467032905, 13.167843516308144)",34,45,"female, male, female",Like whatever none step hot property together analysis.,False,2023-07-30 20:00:59
d113070f-f675-4902-805b-e99761ba4d07,abdbbcb4-72ed-45da-ac9f-6e72cb656522,9137bb1d-882e-4bf3-a644-e41f1954fc3f,"(52.37967835045321, 13.521562848996785)",22,35,"other, female, other",Ever conference community. Actually ever economy data score.,True,2023-08-03 03:03:00
e93d7605-3c92-4418-ae4a-33478a47b8c8,abdbbcb4-72ed-45da-ac9f-6e72cb656522,7be0702e-387a-46a4-a661-ccc61bbfebbd,"(52.6152642102693, 13.070281462565383)",24,44,female,Term go partner everybody group enter bill. Focus mean minute Republican school fund responsibility industry.,True,2023-07-30 17:24:03
36d21b35-b0b4-451d-b731-ea3a1928e686,abdbbcb4-72ed-45da-ac9f-6e72cb656522,f1f7352d-c0e3-46b5-b523-c3e6626d9cfb,"(52.60912644503547, 13.12293147607991)",25,32,female,Baby measure question when drug many opportunity wear. However room eye animal fast thousand contain. Professor food range group pull.,False,2023-07-29 15:04:19
90367abc-9770-4b33-8a78-94ba19c4f41e,abdbbcb4-72ed-45da-ac9f-6e72cb656522,95eab6c7-49d8-4e41-bec2-d1e71cdc288d,"(52.660226310026864, 13.342105418363476)",33,50,"male, other",Surface play scientist mouth fund some year.,False,2023-07-30 16:37:07
6295c06a-1024-4109-aaef-986be7e7cdaf,be4a3a09-6134-4c2e-88ce-471fadaf9e3d,ef828a9b-a2c4-4967-b717-f198507e7314,"(52.65309804235968, 13.655863882868852)",20,46,"female, female, other",Television apply grow good near. Develop somebody activity article radio vote Mr enough. Particularly wrong Republican present top red.,False,2023-08-03 04:21:21
aaf93754-6e3a-4b95-acbf-25815a64f839,94e40f6b-6655-48a3-b049-c3a0b0bb53a4,5c6da620-b4d2-4d77-8947-d10b9526bfb3,"(52.53253935253222, 13.746013048000854)",22,39,female,Mouth enough teacher fine so still goal me.,False,2023-08-01 23:47:46
a4aac9b0-14c3-4a67-bc96-e0da2bbe3b15,5f6a0e17-dad5-46ce-b314-74e2117a8476,eed5c80e-40b1-46e4-9fb7-37021ce21e12,"(52.397117220097265, 13.150621589222078)",30,43,"other, other, female",Decide ahead foreign bed between nearly rate. Would house process time friend.,False,2023-08-01 18:20:04
9d4766f9-1039-4a56-b0e4-6edfebec4482,9509a8e5-8d41-4638-bedc-c0c92138640e,1fe1f376-9687-4ac3-b967-5b979a4105d6,"(52.61311940132055, 13.17271579507918)",23,31,male,Professor wonder market anyone during audience. Office condition reason involve stock. Particular kind yes represent glass focus money.,True,2023-07-30 01:31:56
231b65f8-b225-4eb5-a70b-90634cdb93ae,abdbbcb4-72ed-45da-ac9f-6e72cb656522,7a892c5c-cd1c-4835-abda-533f16e19467,"(52.52515969000499, 13.440395177027705)",19,20,"male, male",Huge out heart financial series cut. Per letter raise pass heart always. Across painting material together.,False,2023-07-29 14:58:15
fb125511-8f22-4304-9f0a-fd5c5e886d51,22fedf3b-6e5f-48e6-84fa-f3f4ea48ae34,22a84dbc-45fb-4391-9775-ea86fb018a38,"(52.5292592585716, 13.337003211469268)",21,41,"other, other, other",Send box nothing last management article if.,True,2023-07-30 03:30:06
359001a5-60d4-4189-bf15-cee2f9bfbbd8,9509a8e5-8d41-4638-bedc-c0c92138640e,a16679f5-788c-4ad9-aa9b-d53304e8120b,"(52.59021735585833, 13.14019093881402)",23,37,"female, female",Recognize consider model research both say.,False,2023-07-27 20:45:26
6079dd21-fad0-401f-8fc6-6dda31f165c5,9509a8e5-8d41-4638-bedc-c0c92138640e,537462e0-623e-4482-84cf-f3b0b93e2bd1,"(52.645044840939065, 13.234691796916156)",19,20,other,Minute necessary strong something.,True,2023-08-01 21:13:55
86d9526f-3122-4fd7-aeb8-5bbabce41a09,5f6a0e17-dad5-46ce-b314-74e2117a8476,ba31c614-e765-495a-8121-a2182f1b8bf0,"(52.556825213176936, 13.495686589021355)",19,23,"male, male",Relate office fear thought usually. Area boy light billion language can. Toward score indicate various.,True,2023-07-31 12:07:28
65d88c25-932d-4b41-a022-954e013ad119,abdbbcb4-72ed-45da-ac9f-6e72cb656522,61dd2c7c-f36c-4c40-9c39-80094c53b3c3,"(52.43653865933131, 13.487243945751619)",18,34,"male, male",Pay service threat position. Help above team view product. Movement thousand budget large avoid beautiful.,True,2023-07-30 14:45:45
38c46611-66f8-4d8a-b1ec-8426c1570045,9509a8e5-8d41-4638-bedc-c0c92138640e,569ab44e-5502-4bf6-aace-f0524adb2fc2,"(52.669724631404506, 13.058137824758)",18,32,"male, female",Care respond item top yourself their responsibility. Sit grow bill hit surface me join.,True,2023-07-30 02:01:56
c5e3f8d0-865e-466d-b56b-ffcd26cc91b7,9509a8e5-8d41-4638-bedc-c0c92138640e,cf65025a-8460-424a-835f-c71029d9497b,"(52.497320298169576, 13.246961303099653)",18,24,"male, male, other",Early art significant media. Green big fly reveal data quite within yeah. Little reach management structure stage.,True,2023-08-03 12:05:25
4a1c0d1a-cad7-4872-b6e1-b2efb6b5e49b,abdbbcb4-72ed-45da-ac9f-6e72cb656522,8215068d-259e-41a7-8975-5ca163411da9,"(52.506028248057866, 13.286469644611019)",26,42,"other, female",Perhaps whatever economic bar world be. Represent maybe such hundred raise improve. Defense mean week inside picture drug thought wide.,False,2023-07-29 07:08:29
7742fcad-e7aa-4506-94d3-12a9483f423b,5f6a0e17-dad5-46ce-b314-74e2117a8476,74ced26f-7aa9-4142-ae1a-35c8db753b16,"(52.54305402638091, 13.35640175792022)",19,30,female,Board window vote.,False,2023-08-02 00:52:47
31b4825f-d9fb-45cf-82df-6fbb8e6a87fd,5f6a0e17-dad5-46ce-b314-74e2117a8476,167d4984-eecc-4ff4-a01c-96a9fea71a0e,"(52.549662953538615, 13.18080010035234)",27,35,male,Mind their everything dog.,True,2023-07-29 19:32:23
b897211e-df52-47b1-aea0-6949175cd6d7,5f6a0e17-dad5-46ce-b314-74e2117a8476,9cbaaf8f-a402-44db-b91a-d961f7ac653e,"(52.38493789203913, 13.726130074415737)",24,30,"male, male, other",Society manage what up share house morning. Enjoy radio person truth price.,False,2023-08-03 02:00:58
8eeede42-332d-4114-a85d-4e9fe944181d,9509a8e5-8d41-4638-bedc-c0c92138640e,a16679f5-788c-4ad9-aa9b-d53304e8120b,"(52.52839221619963, 13.079045671675043)",24,35,other,Represent worry indeed deep. Note attention serious decide fill TV word. Understand me star type.,True,2023-07-28 06:29:31
e2b15acb-3876-44ec-828c-9315ee71b34c,94e40f6b-6655-48a3-b049-c3a0b0bb53a4,eed5c80e-40b1-46e4-9fb7-37021ce21e12,"(52.43407866422219, 13.28617300377403)",28,40,"female, other, male",Both near door into score get glass.,True,2023-07-29 10:06:44
4c59e644-df82-4367-86df-b34a68a70c4b,be4a3a09-6134-4c2e-88ce-471fadaf9e3d,c53f8889-4c5c-4db2-aae2-c280f77a5ad9,"(52.65196638819937, 13.511475451768192)",20,46,"female, other",Staff all particular under establish. Check finish business southern this. Every require mind coach deep sport painting rise.,True,2023-07-29 21:19:53
5c834b86-3fa3-4755-8a1f-0d12f2068a04,22fedf3b-6e5f-48e6-84fa-f3f4ea48ae34,cf65025a-8460-424a-835f-c71029d9497b,"(52.516711792926046, 13.263787481168574)",23,27,"female, other",Scientist let forward. Loss range put consumer piece.,False,2023-08-01 03:10:03
4ddaa21d-0aad-459d-ad43-65a99a74a4bd,5f6a0e17-dad5-46ce-b314-74e2117a8476,65f697f9-00ec-4308-9749-776d4a685602,"(52.543903581962184, 13.469470298373723)",20,34,male,Change consider executive approach also. Result as assume find.,True,2023-07-31 18:38:11
9af13850-0b55-4b8e-b50a-069cd8d1c713,94e40f6b-6655-48a3-b049-c3a0b0bb53a4,b07f8d33-08f7-485d-9d0d-c479ab182009,"(52.52815764517772, 13.435788257027202)",28,45,other,Design son may standard mind. About least per worker check against.,True,2023-07-28 21:02:30
2ea0783c-ef96-4549-879e-fbf18b448c22,9509a8e5-8d41-4638-bedc-c0c92138640e,b773d9b6-95a0-4b47-ae1d-a698b6bb6aba,"(52.639938690739896, 13.569341335442775)",32,50,other,Color here trip.,False,2023-07-31 08:05:38
b30d1e75-d384-4f1c-9f3b-6b66fd6ac9bb,abdbbcb4-72ed-45da-ac9f-6e72cb656522,aa0d5745-c9cf-491a-a267-95a17da4c971,"(52.484819290173014, 13.361405647638778)",23,29,"male, female",Decide morning establish always pick recognize they enjoy. Condition notice middle surface bit movement. Usually policy sound strategy his audience.,True,2023-07-30 07:53:49
